2018,,,,,,,,,,,,,,,,,,
,,,POS,GMS,PASSING,,,,,,,,RUSHING,,,,PPG,FPTS
RK,NAME,,,,CMP,ATT,PCT,YDS,AVG,TD,INT,RAT,ATT,YDS,AVG,TD,,
1,Patrick Mahomes,KC,QB,16,383,580,66,5097,8.8,50,12,113.84,60,272,4.5,2,26.1,417.08
2,Matt Ryan,ATL,QB,16,422,608,69.4,4924,8.1,35,7,108.06,33,125,3.8,3,22.2,354.96
3,Ben Roethlisberger,PIT,QB,16,452,675,67,5129,7.6,34,16,96.46,31,98,3.2,3,21.4,341.86
4,Deshaun Watson,HOU,QB,16,345,505,68.3,4165,8.2,26,9,103.11,99,551,5.6,5,20.7,331.7
5,Andrew Luck,IND,QB,16,430,639,67.3,4593,7.2,39,15,98.67,46,148,3.2,0,20.5,327.92
6,Aaron Rodgers,GB,QB,16,372,597,62.3,4442,7.4,25,2,97.57,43,269,6.3,2,19.5,312.58
7,Jared Goff,LAR,QB,16,364,561,64.9,4688,8.4,32,12,101.07,43,108,2.5,2,19.4,310.32
8,Drew Brees,NO,QB,15,364,489,74.4,3992,8.2,32,5,115.68,31,22,0.7,4,20.3,304.98
9,Russell Wilson,SEA,QB,16,280,427,65.6,3448,8.1,35,7,110.87,67,376,5.6,0,18.7,299.42
10,Dak Prescott,DAL,QB,16,356,526,67.7,3884,7.4,22,8,96.86,75,305,4.1,6,17.9,285.86
11,Philip Rivers,LAC,QB,16,347,508,68.3,4308,8.5,32,12,105.5,18,7,0.4,0,17.8,285.02
12,Kirk Cousins,MIN,QB,16,425,606,70.1,4298,7.1,30,10,99.7,44,123,2.8,1,17.7,283.12
13,Cam Newton,CAR,QB,14,320,471,67.9,3395,7.2,24,13,94.22,101,488,4.8,4,20.2,282.6
14,Tom Brady,NE,QB,16,375,570,65.8,4355,7.6,29,11,97.66,23,35,1.5,2,17.6,281.3
15,Mitch Trubisky,CHI,QB,14,289,434,66.6,3223,7.4,24,12,95.43,68,421,6.2,3,18.8,263.02
16,Baker Mayfield,CLE,QB,14,310,486,63.8,3725,7.7,27,14,93.69,39,131,3.4,0,17.2,240.1
17,Eli Manning,NYG,QB,16,380,576,66,4299,7.5,21,11,92.35,15,20,1.3,1,15,239.96
18,Derek Carr,LV,QB,16,381,553,68.9,4049,7.3,19,10,93.92,24,47,2,1,13.5,216.76
19,Case Keenum,DEN,QB,16,365,586,62.3,3890,6.6,18,15,81.22,26,93,3.6,2,13.4,214.9
20,Matthew Stafford,DET,QB,16,367,555,66.1,3777,6.8,21,11,89.9,25,71,2.8,0,13.3,212.18
21,Josh Allen,BUF,QB,12,169,320,52.8,2074,6.5,10,12,67.89,89,631,7.1,8,17.3,208.06
22,Jameis Winston,TB,QB,11,244,378,64.6,2992,7.9,19,14,90.18,49,281,5.7,1,17.8,195.78
23,Carson Wentz,PHI,QB,11,279,401,69.6,3074,7.7,21,7,102.19,34,93,2.7,0,17.6,193.66
24,Marcus Mariota,TEN,QB,14,228,331,68.9,2528,7.6,11,8,92.31,64,357,5.6,2,12.6,175.92
25,Andy Dalton,CIN,QB,11,226,365,61.9,2566,7,21,11,89.59,16,99,6.2,0,15.9,174.54
26,Blake Bortles,JAX,QB,13,243,403,60.3,2718,6.7,13,11,79.81,58,365,6.3,1,13.3,173.22
27,Sam Darnold,NYJ,QB,13,239,414,57.7,2865,6.9,17,15,77.62,44,138,3.1,1,13,168.4
28,Ryan Fitzpatrick,TB,QB,8,164,246,66.7,2366,9.6,17,12,100.42,36,152,4.2,2,20.7,165.84
29,Lamar Jackson,BAL,QB,16,99,170,58.2,1201,7.1,6,3,84.46,147,695,4.7,5,9.8,157.54
30,Ryan Tannehill,MIA,QB,11,176,274,64.2,1979,7.2,17,9,92.7,32,145,4.5,0,13,142.96
31,Alex Smith,WAS,QB,10,205,328,62.5,2180,6.6,10,5,85.67,41,168,4.1,1,13.8,138
32,Joe Flacco,BAL,QB,9,232,379,61.2,2465,6.5,12,6,84.15,19,45,2.4,0,15.2,137.1
33,Nick Mullens,SF,QB,8,176,274,64.2,2277,8.3,13,10,90.85,18,-16,-0.9,0,15.4,123.48
34,Josh Rosen,ARI,QB,14,217,393,55.2,2278,5.8,11,14,66.74,23,138,6,0,8.1,112.92
35,Jeff Driskel,CIN,QB,9,105,176,59.7,1003,5.7,6,2,82.17,25,130,5.2,2,9.5,85.12
36,Nick Foles,PHI,QB,5,141,195,72.3,1413,7.2,7,4,95.95,9,17,1.9,0,15.3,76.72
37,C.J. Beathard,SF,QB,6,102,169,60.4,1252,7.4,8,7,81.77,19,69,3.6,1,12.5,74.98
38,Brock Osweiler,MIA,QB,7,113,178,63.5,1247,7,6,4,86.05,8,21,2.6,0,9.7,67.98
39,Josh Johnson,WAS,QB,4,52,91,57.1,590,6.5,3,4,69.39,23,120,5.2,1,12.4,49.6
40,Jimmy Garoppolo,SF,QB,3,53,89,59.6,718,8.1,5,3,90,8,33,4.1,0,16,48.02
41,Tyrod Taylor,CLE,QB,4,42,85,49.4,473,5.6,2,2,64.49,16,125,7.8,1,10.4,41.42
42,Cody Kessler,JAX,QB,5,85,131,64.9,709,5.4,2,2,77.43,19,123,6.5,0,7.7,38.66
43,Blaine Gabbert,TEN,QB,8,61,101,60.4,626,6.2,4,4,74.94,6,0,0,0,4.1,33.04
44,Chase Daniel,CHI,QB,5,53,76,69.7,515,6.8,3,2,90.62,13,3,0.2,0,6.1,30.7
45,Colt McCoy,WAS,QB,3,34,54,63,372,6.9,3,3,78.63,10,63,6.3,0,9.1,27.18
46,Kyle Allen,CAR,QB,2,20,31,64.5,266,8.6,2,0,113.1,5,19,3.8,1,13.3,26.54
47,Josh McCown,NYJ,QB,4,60,110,54.5,539,4.9,1,4,55.83,5,32,6.4,0,5.2,20.76
48,Matt Barkley,BUF,QB,1,15,25,60,232,9.3,2,0,117.42,3,-2,-0.7,0,17.1,17.08
49,Taylor Heinicke,CAR,QB,6,35,57,61.4,320,5.6,1,3,60.56,5,31,6.2,0,2.3,13.9
50,Nathan Peterman,BUF,QB,4,44,81,54.3,296,3.7,1,7,30.68,10,50,5,1,3.2,12.84
51,Sam Bradford,ARI,QB,3,50,80,62.5,400,5,2,4,62.5,2,7,3.5,0,4.2,12.7
52,Mike Glennon,ARI,QB,2,15,21,71.4,174,8.3,1,0,112,0,0,0,0,5.5,10.96
53,Teddy Bridgewater,NO,QB,5,14,23,60.9,118,5.1,1,1,70.56,11,5,0.5,0,1.4,7.22
54,Derek Anderson,BUF,QB,2,42,70,60,465,6.6,0,4,55.95,1,-1,-1,0,3.2,6.5
55,DeShone Kizer,GB,QB,3,20,42,47.6,187,4.5,0,2,40.48,5,39,7.8,0,1.8,5.38
56,Nate Sudfeld,PHI,QB,2,1,2,50,22,11,1,0,129.17,2,-2,-1,0,2.3,4.68
57,Joe Webb,HOU,QB,16,0,0,0,0,0,0,0,0,0,0,0,0,0.2,3.3
58,Matt Cassel,DET,QB,2,7,17,41.2,59,3.5,0,1,26.35,2,13,6.5,0,0.8,1.66
59,Garrett Gilbert,CAR,QB,1,2,3,66.7,40,13.3,0,0,109.72,0,0,0,0,1.6,1.6
60,Chad Henne,KC,QB,1,2,3,66.7,29,9.7,0,0,97.92,1,3,3,0,1.5,1.46
61,Matt Schaub,ATL,QB,3,5,7,71.4,20,2.9,0,0,74.11,1,0,0,0,0.4,1.1
62,Robert Griffin III,BAL,QB,3,2,6,33.3,21,3.5,0,0,44.44,0,0,0,0,0.3,0.84
63,Joshua Dobbs,PIT,QB,5,6,12,50,43,3.6,0,1,23.96,4,11,2.8,0,0.2,0.82
64,Mark Sanchez,WAS,QB,2,19,35,54.3,138,3.9,0,3,28.04,1,8,8,0,0.2,0.32
65,AJ McCarron,LV,QB,2,1,3,33.3,8,2.7,0,0,42.36,3,-2,-0.7,0,0.1,0.12
66,Sean Mannion,LAR,QB,3,2,3,66.7,23,7.7,0,0,89.58,7,-9,-1.3,0,0,0.02
67,Cooper Rush,DAL,QB,1,0,0,0,0,0,0,0,0,0,0,0,0,0,0
68,Brandon Weeden,HOU,QB,1,0,0,0,0,0,0,0,0,1,-1,-1,0,-0.1,-0.1
68,Chad Kelly,DEN,QB,1,0,0,0,0,0,0,0,0,1,-1,-1,0,-0.1,-0.1
70,Brian Hoyer,NE,QB,5,1,2,50,7,3.5,0,0,58.33,11,-8,-0.7,0,-0.1,-0.52
71,Jacoby Brissett,IND,QB,4,2,4,50,2,0.5,0,0,56.25,7,-7,-1,0,-0.2,-0.62
72,Geno Smith,LAC,QB,5,1,4,25,8,2,0,0,39.58,8,2,0.2,0,-0.3,-1.48
73,Kyle Lauletta,,,,,,,,,,,,,,,,,
,,,,,,,,,,,,,,,,,,
,,,,,,,,,,,,,,,,,,
2019,,,,,,,,,,,,,,,,,,
,,,,,,,,,,,,,,,,,,
1,Lamar Jackson,BAL,QB,15,265,401,66.1,3127,7.8,36,6,113.34,176,1206,6.9,7,27.7,415.68
2,Dak Prescott,DAL,QB,16,388,596,65.1,4902,8.2,30,11,99.69,52,277,5.3,3,21.1,337.78
3,Russell Wilson,SEA,QB,16,341,516,66.1,4110,8,31,5,106.33,75,342,4.6,3,20.5,328.6
4,Deshaun Watson,HOU,QB,15,333,495,67.3,3852,7.8,26,12,97.98,82,413,5,7,21.4,320.98
5,Jameis Winston,TB,QB,16,380,626,60.7,5109,8.2,33,30,84.28,59,250,4.2,1,19.1,305.36
6,Josh Allen,BUF,QB,16,271,461,58.8,3089,6.7,20,9,85.32,109,510,4.7,9,18,288.56
7,Patrick Mahomes,KC,QB,14,319,484,65.9,4031,8.3,26,5,105.31,43,218,5.1,2,20.5,287.04
8,Kyler Murray PUP,ARI,QB,16,349,542,64.4,3722,6.9,20,12,87.43,93,544,5.8,4,17.8,285.28
9,Aaron Rodgers,GB,QB,16,353,569,62,4002,7,26,4,95.39,46,183,4,1,17.4,278.38
10,Carson Wentz,PHI,QB,16,388,607,63.9,4039,6.7,27,7,93.1,62,243,3.9,1,17.2,275.86
11,Matt Ryan,ATL,QB,15,408,616,66.2,4466,7.2,26,14,92.09,34,147,4.3,1,17.8,267.34
12,Tom Brady,NE,QB,16,373,613,60.8,4057,6.6,24,8,87.98,26,34,1.3,3,16.5,263.68
13,Jared Goff,LAR,QB,16,394,626,62.9,4638,7.4,22,16,86.47,33,40,1.2,2,15.5,247.52
14,Jimmy Garoppolo,SF,QB,16,329,476,69.1,3978,8.4,27,13,102.03,46,62,1.3,1,15.5,247.32
15,Kirk Cousins,MIN,QB,15,307,444,69.1,3603,8.1,26,6,107.4,31,63,2,1,16.3,244.42
16,Derek Carr,LV,QB,16,361,513,70.4,4054,7.9,21,8,100.8,27,82,3,2,15.3,244.36
17,Ryan Fitzpatrick,MIA,QB,15,311,502,62,3529,7,20,13,85.49,54,243,4.5,4,16.1,241.46
18,Philip Rivers,LAC,QB,16,390,591,66,4615,7.8,23,20,88.48,12,29,2.4,0,14.7,235.5
19,Gardner Minshew,JAX,QB,14,285,470,60.6,3271,7,21,6,91.19,67,344,5.1,0,16.4,229.24
20,Baker Mayfield,CLE,QB,16,317,534,59.4,3827,7.2,22,21,78.76,28,141,5,3,14.3,229.18
21,Drew Brees,NO,QB,11,281,378,74.3,2979,7.9,27,4,116.27,9,-4,-0.4,1,20.4,224.76
22,Ryan Tannehill,TEN,QB,12,201,286,70.3,2742,9.6,22,6,117.5,43,185,4.3,4,18.7,224.18
23,Jacoby Brissett,IND,QB,15,272,447,60.9,2942,6.6,18,6,88.05,56,228,4.1,4,14.5,217.68
24,Daniel Jones,NYG,QB,13,284,459,61.9,3027,6.6,24,12,87.66,45,279,6.2,2,16.5,214.98
25,Andy Dalton,CIN,QB,13,314,528,59.5,3494,6.6,16,14,78.27,32,73,2.3,4,15.7,203.66
26,Mitch Trubisky,CHI,QB,15,326,516,63.2,3138,6.1,17,10,82.98,48,193,4,2,13.5,202.82
27,Sam Darnold,NYJ,QB,13,273,441,61.9,3024,6.9,19,13,84.32,33,62,1.9,2,14.6,189.16
28,Kyle Allen,CAR,QB,13,303,489,62,3322,6.8,17,16,79.98,32,106,3.3,2,13.7,177.48
29,Matthew Stafford,DET,QB,8,187,291,64.3,2499,8.6,19,5,106.02,20,66,3.3,0,20.8,166.56
30,Mason Rudolph,PIT,QB,10,176,283,62.2,1765,6.2,13,9,81.96,21,42,2,0,10.9,108.8
31,Case Keenum,WAS,QB,10,160,247,64.8,1707,6.9,11,5,91.27,9,12,1.3,1,10.3,103.48
32,Teddy Bridgewater,NO,QB,9,133,196,67.9,1384,7.1,9,2,99.11,28,31,1.1,0,10.1,90.46
33,Marcus Mariota,TEN,QB,7,95,160,59.4,1203,7.5,7,2,92.27,24,129,5.4,0,12.1,85.02
34,Joe Flacco,DEN,QB,8,171,262,65.3,1822,7,6,5,85.13,12,20,1.7,0,10.6,84.88
35,Dwayne Haskins,WAS,QB,9,119,203,58.6,1365,6.7,7,7,76.08,20,101,5,0,8.5,76.7
36,Drew Lock,DEN,QB,5,100,156,64.1,1020,6.5,7,3,89.69,18,72,4,0,13.6,68
37,Jeff Driskel,DET,QB,3,62,105,59,685,6.5,4,4,75.3,22,151,6.9,1,19.4,58.1
38,David Blough,DET,QB,5,94,174,54,984,5.7,4,6,63.96,8,31,3.9,0,11.1,55.36
39,Eli Manning,NYG,QB,4,91,147,61.9,1042,7.1,6,5,82.64,4,7,1.8,0,13.6,54.38
40,Devlin Hodges,PIT,QB,8,100,160,62.5,1063,6.6,5,8,71.43,21,68,3.2,0,6.4,51.32
41,Matt Moore,KC,QB,6,59,91,64.8,659,7.2,4,0,100.94,5,-1,-0.2,0,7,42.26
42,Nick Foles,JAX,QB,4,77,117,65.8,736,6.3,3,2,84.56,4,23,5.8,0,9.4,37.74
43,Matt Schaub,ATL,QB,6,50,67,74.6,580,8.7,3,1,109.05,3,-3,-1,0,5.5,32.9
44,Brandon Allen,DEN,QB,3,39,84,46.4,515,6.1,3,2,68.3,10,39,3.9,0,10.8,32.5
45,Chase Daniel,CHI,QB,3,45,64,70.3,435,6.8,3,2,91.6,6,6,1,0,8.7,26
46,Ryan Finley,CIN,QB,3,41,87,47.1,474,5.4,2,2,62.14,10,77,7.7,0,8.2,24.66
47,Brian Hoyer,IND,QB,4,35,65,53.8,372,5.7,4,4,65.67,8,2,0.2,0,5.3,21.08
48,Josh Rosen,MIA,QB,6,58,109,53.2,567,5.2,1,5,52.05,3,13,4.3,0,3,17.98
49,AJ McCarron,HOU,QB,2,21,37,56.8,225,6.1,0,1,63.46,5,39,7.8,1,8.4,16.9
50,Cam Newton,CAR,QB,2,50,89,56.2,572,6.4,0,1,71,5,-2,-0.4,0,8.3,16.68
51,Robert Griffin III,BAL,QB,7,23,38,60.5,225,5.9,1,2,64.04,20,70,3.5,0,2.3,16
52,Ben Roethlisberger,PIT,QB,2,35,62,56.5,351,5.7,0,1,65.99,1,7,7,0,6.4,12.74
53,Luke Falk,NYJ,QB,3,47,73,64.4,416,5.7,0,3,62.36,0,0,0,0,2.9,8.64
54,Brett Hundley,ARI,QB,3,5,11,45.5,49,4.5,0,0,58.52,7,41,5.9,0,2,6.06
55,Tyrod Taylor,LAC,QB,8,4,6,66.7,33,5.5,1,0,120.14,10,7,0.7,0,0.8,6.02
56,Matt Barkley,BUF,QB,2,27,51,52.9,359,7,0,3,51.02,2,-4,-2,0,3,5.96
57,Colt McCoy,WAS,QB,1,18,27,66.7,122,4.5,0,1,61.03,2,14,7,0,4.3,4.28
58,Mike Glennon,LV,QB,2,6,10,60,56,5.6,1,0,108.75,2,0,0,0,2.1,4.24
59,Will Grier,CAR,QB,2,28,52,53.8,228,4.4,0,4,33.17,7,22,3.1,0,0.7,1.32
60,Josh McCown,PHI,QB,3,3,5,60,24,4.8,0,0,72.08,2,-2,-1,0,0.3,0.76
61,Ryan Griffin,TB,QB,2,2,4,50,18,4.5,0,0,62.5,4,-1,-0.2,0,0.3,0.62
62,Trevor Siemian,NYJ,QB,1,3,6,50,3,0.5,0,0,56.25,0,0,0,0,0.1,0.12
63,Trace McSorley,BAL,QB,1,0,0,0,0,0,0,0,0,1,1,1,0,0.1,0.1
64,Alex Tanney,NYG,QB,1,1,1,100,1,1,0,0,79.17,0,0,0,0,0,0.04
65,Cooper Rush,DAL,QB,2,0,0,0,0,0,0,0,0,0,0,0,0,0,0
65,David Fales,NYJ,QB,2,0,0,0,0,0,0,0,0,0,0,0,0,0,0
67,Tim Boyle,GB,QB,3,3,4,75,15,3.8,0,0,80.21,5,-7,-1.4,0,0,-0.1
68,Garrett Gilbert,CLE,QB,5,0,3,0,0,0,0,0,39.58,3,-3,-1,0,-0.1,-0.3
68,Nick Mullens,SF,QB,1,0,0,0,0,0,0,0,0,3,-3,-1,0,-0.3,-0.3
70,Blake Bortles,LAR,QB,3,1,2,50,3,1.5,0,0,56.25,2,-9,-4.5,0,-0.3,-0.78
71,Sean Mannion,MIN,QB,3,12,21,57.1,126,6,0,2,35.12,6,-5,-0.8,0,-0.5,-1.46
72,Jarrett Stidham,NE,QB,3,2,4,50,14,3.5,0,1,18.75,2,-2,-1,0,-0.5,-1.64
,,,,,,,,,,,,,,,,,,
,,,,,,,,,,,,,,,,,,
2020,,,,,,,,,,,,,,,,,,
,,,,,,,,,,,,,,,,,,
1,Josh Allen,BUF,QB,16,396,572,69.2,4544,7.9,37,10,107.15,102,421,4.1,8,24.8,396.06
2,Aaron Rodgers,GB,QB,16,372,526,70.7,4299,8.2,48,5,121.53,38,149,3.9,3,24,383.26
3,Kyler Murray PUP,ARI,QB,16,375,558,67.2,3971,7.1,26,12,94.31,133,819,6.2,11,23.7,378.74
4,Patrick Mahomes,KC,QB,15,390,588,66.3,4740,8.1,38,6,108.23,62,308,5,2,25,374.4
5,Deshaun Watson,HOU,QB,16,382,544,70.2,4823,8.9,33,7,112.4,90,444,4.9,3,23.1,369.32
6,Russell Wilson,SEA,QB,16,384,558,68.8,4212,7.5,40,13,105.07,83,513,6.2,2,22.5,359.78
7,Ryan Tannehill,TEN,QB,16,315,481,65.5,3819,7.9,33,7,106.54,43,266,6.2,7,21.5,344.36
8,Tom Brady,TB,QB,16,401,610,65.7,4633,7.6,40,12,102.17,30,6,0.2,3,21.1,337.92
9,Justin Herbert,LAC,QB,15,396,595,66.6,4336,7.3,31,10,98.27,55,234,4.3,5,22.2,332.84
10,Lamar Jackson,BAL,QB,15,242,376,64.4,2757,7.3,26,9,99.35,159,1005,6.3,7,22.2,332.78
11,Kirk Cousins,MIN,QB,16,349,516,67.6,4265,8.3,35,13,105,32,156,4.9,1,19.1,306.2
12,Matt Ryan,ATL,QB,16,407,626,65,4581,7.3,26,11,93.28,29,92,3.2,2,17.5,280.44
13,Derek Carr,LV,QB,16,348,517,67.3,4103,7.9,27,9,101.4,39,140,3.6,3,17,272.12
14,Ben Roethlisberger,PIT,QB,15,399,608,65.6,3803,6.3,33,10,94.07,25,11,0.4,0,17.8,267.22
15,Cam Newton,NE,QB,15,242,368,65.8,2657,7.2,8,10,82.89,137,592,4.3,12,17.4,260.98
16,Matthew Stafford,DET,QB,16,339,528,64.2,4084,7.7,26,10,96.34,29,112,3.9,0,16.3,260.56
17,Baker Mayfield,CLE,QB,16,305,486,62.8,3563,7.3,26,8,95.9,54,165,3.1,1,15.5,248.62
18,Teddy Bridgewater,CAR,QB,15,340,492,69.1,3733,7.6,15,11,92.13,53,279,5.3,5,16.1,241.22
19,Jared Goff,LAR,QB,15,370,552,67,3952,7.2,20,13,90.04,51,99,1.9,4,16,239.98
20,Philip Rivers,IND,QB,16,369,543,68,4169,7.7,24,11,97,18,-8,-0.4,0,15,239.96
21,Drew Brees,NO,QB,12,275,390,70.5,2942,7.5,24,6,106.38,18,-2,-0.1,2,17.5,209.48
22,Carson Wentz,PHI,QB,12,251,437,57.4,2620,6,16,15,72.83,52,276,5.3,5,16.5,198.4
23,Drew Lock,DEN,QB,13,254,443,57.3,2933,6.6,16,15,75.38,44,160,3.6,3,13.9,181.32
24,Daniel Jones,NYG,QB,14,280,448,62.5,2943,6.6,11,10,80.42,65,423,6.5,1,12.9,180.02
25,Joe Burrow,CIN,QB,10,264,404,65.3,2688,6.7,13,5,89.83,37,142,3.8,3,17.4,173.72
26,Gardner Minshew,JAX,QB,9,216,327,66.1,2259,6.9,16,5,95.85,29,153,5.3,1,17.9,160.66
27,Ryan Fitzpatrick,MIA,QB,9,183,267,68.5,2091,7.8,13,8,95.58,30,151,5,2,17.1,153.74
28,Mitch Trubisky,CHI,QB,10,199,297,67,2055,6.9,16,8,93.48,33,195,5.9,1,15.4,153.7
29,Andy Dalton,DAL,QB,11,216,333,64.9,2169,6.5,14,8,87.28,28,114,4.1,0,12.4,136.86
30,Dak Prescott,DAL,QB,5,151,222,68,1856,8.4,9,4,99.61,18,93,5.2,3,27.1,135.64
31,Tua Tagovailoa,MIA,QB,10,186,290,64.1,1814,6.3,11,5,87.05,36,109,3,3,13.5,135.46
32,Sam Darnold,NYJ,QB,12,217,364,59.6,2208,6.1,9,11,72.69,37,217,5.9,2,11.2,134.02
33,Nick Mullens,SF,QB,10,211,326,64.7,2437,7.5,12,12,84.1,9,8,0.9,0,11.6,116.28
34,Jalen Hurts,PHI,QB,15,77,148,52,1061,7.2,6,4,77.56,63,357,5.7,3,7.3,109.44
35,Nick Foles,CHI,QB,9,202,312,64.7,1852,5.9,10,8,80.77,16,1,0.1,1,11.6,104.18
36,Alex Smith,WAS,QB,8,168,252,66.7,1582,6.3,6,8,78.51,10,3,0.3,0,8.9,71.58
37,Dwayne Haskins,WAS,QB,7,148,241,61.4,1439,6,5,7,72.95,20,46,2.3,1,9.7,68.16
38,Jimmy Garoppolo,SF,QB,6,94,140,67.1,1096,7.8,7,5,92.44,10,25,2.5,0,10.7,64.34
39,Mike Glennon,JAX,QB,5,111,179,62,1072,6,7,5,80.11,6,17,2.8,0,12.1,60.58
40,Joe Flacco,NYJ,QB,5,74,134,55.2,864,6.4,6,3,80.57,6,22,3.7,0,11,54.76
41,C.J. Beathard,SF,QB,6,66,104,63.5,787,7.6,6,0,105.73,6,28,4.7,0,8.7,52.28
42,Brandon Allen,CIN,QB,5,90,142,63.4,925,6.5,5,4,82.04,13,27,2.1,0,9.9,49.7
43,Kyle Allen,WAS,QB,4,60,87,69,610,7,4,1,99.31,7,26,3.7,1,11.2,45
44,Jeff Driskel,DEN,QB,3,35,64,54.7,432,6.8,3,2,78.39,6,28,4.7,0,10,30.08
45,Jake Luton,JAX,QB,3,60,110,54.5,624,5.7,2,6,54.51,1,13,13,1,9.4,28.26
46,Marcus Mariota,LV,QB,1,17,28,60.7,226,8.1,1,1,83.33,9,88,9.8,1,25.8,25.84
47,Chad Henne,KC,QB,3,28,38,73.7,248,6.5,2,0,108.22,7,-2,-0.3,1,7.9,23.72
48,Jacoby Brissett,IND,QB,11,2,8,25,17,2.1,0,0,39.58,17,19,1.1,3,1.9,20.58
49,Ryan Finley,CIN,QB,5,17,32,53.1,164,5.1,1,2,52.08,11,66,6,1,3.8,19.16
50,Mason Rudolph,PIT,QB,5,25,43,58.1,324,7.5,2,1,87.74,7,-6,-0.9,0,3.7,18.36
51,Colt McCoy,NYG,QB,4,40,66,60.6,375,5.7,1,1,75,9,12,1.3,0,4.6,18.2
52,Blaine Gabbert,TB,QB,4,9,16,56.2,143,8.9,2,0,125.78,9,16,1.8,0,3.8,15.32
53,Garrett Gilbert,DAL,QB,1,21,38,55.3,243,6.4,1,1,72.59,3,28,9.3,0,14.5,14.52
54,Jarrett Stidham,NE,QB,5,22,44,50,256,5.8,2,3,54.73,7,7,1,0,2.6,12.94
55,John Wolford,LAR,QB,1,22,38,57.9,231,6.1,0,1,64.69,6,56,9.3,0,12.8,12.84
56,Chase Daniel,DET,QB,4,29,43,67.4,264,6.1,1,2,72.24,2,16,8,0,3,12.16
57,Taylor Heinicke,WAS,QB,1,12,19,63.2,137,7.2,1,0,102.3,3,22,7.3,0,11.7,11.68
58,Brett Rypien,DEN,QB,3,27,40,67.5,295,7.4,2,4,66.15,5,-5,-1,0,3.8,11.3
59,Trace McSorley,BAL,QB,2,3,10,30,90,9,1,0,97.92,5,17,3.4,0,4.6,9.3
60,Matt Barkley,BUF,QB,5,11,21,52.4,197,9.4,1,1,80.85,6,-6,-1,0,1.9,9.28
61,Tyrod Taylor,LAC,QB,2,16,30,53.3,208,6.9,0,0,75.42,6,7,1.2,0,4.5,9.02
62,P.J. Walker,CAR,QB,4,32,56,57.1,368,6.6,1,5,45.83,5,-2,-0.4,0,2.1,8.52
63,Chris Streveler,ARI,QB,4,11,16,68.8,105,6.6,1,1,81.51,4,15,3.8,0,1.9,7.7
64,Ben DiNucci,DAL,QB,3,23,43,53.5,219,5.1,0,0,67.88,6,22,3.7,0,2.3,6.96
65,Tyler Huntley,BAL,QB,2,3,5,60,15,3,0,0,64.58,10,23,2.3,0,1.4,2.9
66,Robert Griffin III,BAL,QB,4,8,14,57.1,42,3,0,2,22.62,12,69,5.8,0,0.6,2.58
67,Jameis Winston,NO,QB,4,7,11,63.6,75,6.8,0,0,83.52,8,-6,-0.8,0,0.6,2.4
68,Joshua Dobbs,PIT,QB,1,4,5,80,2,0.4,0,0,79.17,2,20,10,0,2.1,2.08
69,Brian Hoyer,NE,QB,1,15,24,62.5,130,5.4,0,1,59.37,1,8,8,0,2,2
70,Nathan Peterman,LV,QB,1,3,5,60,25,5,0,0,72.92,1,9,9,0,1.9,1.9
71,Case Keenum,CLE,QB,2,5,10,50,46,4.6,0,0,62.92,0,0,0,0,0.9,1.84
72,David Blough,DET,QB,1,6,10,60,49,4.9,0,1,32.92,1,18,18,0,1.8,1.76
73,Logan Woodside,TEN,QB,6,1,3,33.3,7,2.3,0,0,42.36,7,10,1.4,0,0.2,1.28
74,Geno Smith,SEA,QB,1,4,5,80,33,6.6,0,0,94.17,2,-2,-1,0,1.1,1.12
75,AJ McCarron,HOU,QB,2,1,1,100,20,20,0,0,118.75,0,0,0,0,0.4,0.8
76,Tyler Bray,CHI,QB,1,1,5,20,18,3.6,0,0,42.08,0,0,0,0,0.7,0.72
77,Joe Webb,NYG,QB,2,0,0,0,0,0,0,0,0,0,0,0,0,0,0
78,Easton Stick,LAC,QB,1,1,1,100,4,4,0,0,83.33,1,-2,-2,0,0,-0.04
79,Matt Schaub,ATL,QB,1,0,0,0,0,0,0,0,0,3,-4,-1.3,0,-0.4,-0.4
80,Tim Boyle,GB,QB,8,0,0,0,0,0,0,0,0,13,-9,-0.7,0,-0.1,-0.9
81,Nate Sudfeld,PHI,QB,1,5,12,41.7,32,2.7,0,1,14.58,2,12,6,0,-1.5,-1.52
,,,,,,,,,,,,,,,,,,
2021,,,,,,,,,,,,,,,,,,
,,,,,,,,,,,,,,,,,,
1,Josh Allen,BUF,QB,17,409,646,63.3,4407,6.8,36,15,92.17,122,763,6.3,6,23.7,402.58
2,Justin Herbert,LAC,QB,17,443,672,65.9,5014,7.5,38,15,97.66,63,302,4.8,3,22.4,380.76
3,Tom Brady,TB,QB,17,485,719,67.5,5316,7.4,43,12,102.08,28,81,2.9,2,22,374.74
4,Patrick Mahomes,KC,QB,17,436,658,66.3,4839,7.4,37,13,98.45,66,381,5.8,2,21.3,361.66
5,Aaron Rodgers,GB,QB,16,366,531,68.9,4115,7.7,37,4,111.9,33,101,3.1,3,20.8,333.3
6,Matthew Stafford,LAR,QB,17,404,601,67.2,4886,8.1,41,17,102.93,32,43,1.3,0,19.4,329.74
7,Dak Prescott,DAL,QB,16,410,596,68.8,4449,7.5,37,10,104.22,48,146,3,1,20,320.56
8,Joe Burrow,CIN,QB,16,366,520,70.4,4611,8.9,34,14,108.26,40,118,3,2,19.6,314.24
9,Jalen Hurts,PHI,QB,15,265,432,61.3,3144,7.3,16,9,87.19,139,784,5.6,10,20.8,312.16
10,Kyler Murray PUP,ARI,QB,14,333,481,69.2,3787,7.9,24,10,100.55,88,423,4.8,5,21.5,300.48
11,Kirk Cousins,MIN,QB,16,372,561,66.3,4221,7.5,33,7,103.1,29,115,4,1,18.8,300.34
12,Ryan Tannehill,TEN,QB,17,357,531,67.2,3734,7,21,14,89.61,55,270,4.9,7,15.8,268.36
13,Carson Wentz,IND,QB,17,322,516,62.4,3563,6.9,27,7,94.65,57,215,3.8,1,15.2,258.02
14,Derek Carr,LV,QB,17,428,626,68.4,4804,7.7,23,14,93.96,40,108,2.7,0,15.1,256.96
15,Russell Wilson,SEA,QB,14,259,400,64.8,3113,7.8,25,6,103.05,43,183,4.3,2,17.3,242.82
16,Lamar Jackson,BAL,QB,12,246,382,64.4,2882,7.5,16,13,86.97,133,767,5.8,2,20,239.98
17,Jimmy Garoppolo,SF,QB,15,301,441,68.3,3810,8.6,20,12,98.74,38,51,1.3,3,15.2,227.5
18,Mac Jones,NE,QB,17,352,521,67.6,3801,7.3,22,13,92.46,44,129,2.9,0,13.2,224.94
19,Matt Ryan,ATL,QB,17,375,560,67,3968,7.1,20,12,90.39,40,82,2,1,13.1,222.92
20,Taylor Heinicke,WAS,QB,16,321,494,65,3419,6.9,20,15,85.91,60,313,5.2,1,13.9,222.86
21,Ben Roethlisberger,PIT,QB,16,390,605,64.5,3740,6.2,22,10,86.79,20,5,0.2,1,13.6,218.1
22,Teddy Bridgewater,DEN,QB,14,285,426,66.9,3052,7.2,18,7,94.92,30,106,3.5,2,14.5,202.68
23,Trevor Lawrence,JAX,QB,17,359,602,59.6,3641,6,12,17,71.86,73,334,4.6,2,11.7,199.04
24,Jared Goff,DET,QB,14,332,494,67.2,3245,6.6,19,8,91.53,17,87,5.1,0,13.9,194.5
25,Tua Tagovailoa,MIA,QB,13,263,388,67.8,2653,6.8,16,10,90.07,42,128,3,3,13.9,180.92
26,Baker Mayfield,CLE,QB,14,253,418,60.5,3010,7.2,17,13,83.12,37,134,3.6,1,12.9,180.9
27,Daniel Jones,NYG,QB,11,232,361,64.3,2428,6.7,10,7,84.82,62,298,4.8,2,15.2,167.52
28,Sam Darnold,CAR,QB,12,243,406,59.9,2527,6.2,9,13,71.94,48,222,4.6,5,13.1,157.28
29,Davis Mills,HOU,QB,13,263,394,66.8,2664,6.8,16,10,88.84,18,44,2.4,0,12.1,156.96
30,Zach Wilson,NYJ,QB,13,213,383,55.6,2334,6.1,9,11,69.69,29,185,6.4,4,11.7,151.86
31,Justin Fields,CHI,QB,12,159,270,58.9,1870,6.9,7,10,73.23,72,420,5.8,2,10.6,126.8
32,Jameis Winston,NO,QB,7,95,161,59,1170,7.3,14,3,102.76,32,166,5.2,1,16.8,117.4
33,Trevor Siemian,NO,QB,6,108,188,57.4,1154,6.1,11,3,88.39,9,20,2.2,1,15,90.16
34,Cam Newton,CAR,QB,8,69,126,54.8,684,5.4,4,5,64.38,47,230,4.9,5,10.8,86.36
35,Andy Dalton,CHI,QB,8,149,236,63.1,1515,6.4,8,9,76.85,16,76,4.8,0,10.5,84.2
36,Tyler Huntley,BAL,QB,7,122,188,64.9,1081,5.8,3,4,76.57,47,294,6.3,2,11.8,82.64
37,Tyrod Taylor,HOU,QB,6,91,150,60.7,966,6.4,5,5,76.69,19,151,7.9,3,13.6,81.74
38,Jacoby Brissett,MIA,QB,11,141,225,62.7,1283,5.7,5,4,78.06,19,70,3.7,1,6.6,72.32
39,Trey Lance,SF,QB,6,41,71,57.7,603,8.5,5,2,97.33,38,168,4.4,1,10.8,64.92
40,Geno Smith,SEA,QB,4,65,95,68.4,702,7.4,5,1,103.05,9,42,4.7,1,13.6,54.28
41,Drew Lock,DEN,QB,6,67,111,60.4,787,7.1,2,2,80.42,10,53,5.3,2,8.6,51.88
42,Josh Johnson,BAL,QB,4,57,85,67.1,638,7.5,5,2,99.04,9,28,3.1,0,11.6,46.32
43,Mike White,NYJ,QB,4,88,132,66.7,953,7.2,5,8,75.09,5,-1,-0.2,0,11,44.02
44,Colt McCoy,ARI,QB,8,74,99,74.7,740,7.5,3,1,101.41,22,37,1.7,0,5.2,41.3
45,Gardner Minshew,PHI,QB,4,41,60,68.3,439,7.3,4,1,104.79,9,21,2.3,0,8.4,33.66
46,Mike Glennon,NYG,QB,6,90,167,53.9,790,4.7,4,10,49.74,7,33,4.7,1,5.2,30.9
47,Case Keenum,CLE,QB,7,47,72,65.3,462,6.4,3,1,91.32,12,22,1.8,0,4.1,28.68
48,Tim Boyle,DET,QB,5,61,94,64.9,526,5.6,3,6,63.52,2,13,6.5,0,4.9,24.34
49,Cooper Rush,DAL,QB,5,30,47,63.8,422,9,3,1,105.1,9,-8,-0.9,0,4.8,24.08
50,Joe Flacco,NYJ,QB,2,27,42,64.3,338,8,3,0,113,2,3,1.5,0,11.9,23.82
51,Jordan Love,GB,QB,6,36,62,58.1,411,6.6,2,3,68.68,12,27,2.2,0,3.5,21.14
52,Mason Rudolph,PIT,QB,2,35,58,60.3,277,4.8,1,1,70.83,5,53,10.6,0,9.2,18.38
53,Nick Foles,CHI,QB,1,24,35,68.6,250,7.1,1,0,98.51,4,8,2,0,16.8,16.8
54,Marcus Mariota,LV,QB,9,1,2,50,4,2,0,0,56.25,13,87,6.7,1,1.7,14.86
55,Brandon Allen,CIN,QB,6,17,34,50,149,4.4,2,0,81.62,7,-1,-0.1,0,2.3,13.86
56,P.J. Walker,CAR,QB,5,36,66,54.5,362,5.5,1,3,56.5,7,13,1.9,0,2.8,13.78
57,Sean Mannion,MIN,QB,1,22,36,61.1,189,5.2,1,0,84.14,2,14,7,0,13,12.96
58,Brian Hoyer,NE,QB,5,9,11,81.8,227,20.6,1,0,149.05,11,-8,-0.7,0,2.5,12.28
59,Jake Fromm,NYG,QB,3,27,60,45,210,3.5,1,3,38.89,8,65,8.1,0,3.6,10.9
60,Nick Mullens,CLE,QB,1,20,30,66.7,147,4.9,1,0,89.17,0,0,0,0,9.9,9.88
61,Mitch Trubisky,BUF,QB,6,6,8,75,43,5.4,0,1,47.4,13,24,1.8,1,1.4,8.12
62,Kyle Allen,WAS,QB,2,12,19,63.2,120,6.3,1,0,98.57,2,11,5.5,0,4,7.9
63,Garrett Gilbert,WAS,QB,1,20,31,64.5,194,6.3,0,0,81.92,0,0,0,0,7.8,7.76
64,Chad Henne,KC,QB,4,11,16,68.8,82,5.1,0,0,80.73,8,0,0,0,0.8,3.28
65,Chris Streveler,BAL,QB,2,6,9,66.7,36,4,0,0,74.31,3,6,2,0,1,2.04
66,Ian Book,NO,QB,1,12,20,60,135,6.8,0,2,40.62,3,6,2,0,2,2
67,Blaine Gabbert,TB,QB,6,7,11,63.6,67,6.1,0,0,80.49,9,-7,-0.8,0,0.3,1.98
68,C.J. Beathard,JAX,QB,3,2,2,100,33,16.5,0,0,118.75,1,2,2,0,0.5,1.52
69,Sam Ehlinger,IND,QB,3,0,0,0,0,0,0,0,0,3,9,3,0,0.3,0.9
70,Ryan Fitzpatrick,WAS,QB,1,3,6,50,13,2.2,0,0,56.25,1,2,2,0,0.7,0.72
71,David Blough,DET,QB,1,0,0,0,0,0,0,0,0,1,6,6,0,0.6,0.6
72,Kellen Mond,MIN,QB,1,2,3,66.7,5,1.7,0,0,70.14,0,0,0,0,0.2,0.2
72,Nathan Peterman,LV,QB,1,0,0,0,0,0,0,0,0,2,2,1,0,0.2,0.2
74,Jeff Driskel,HOU,QB,1,0,0,0,0,0,0,0,0,0,0,0,0,0,0
74,Brett Rypien,DEN,QB,1,0,2,0,0,0,0,0,39.58,0,0,0,0,0,0
74,Kevin Hogan,TEN,QB,1,0,0,0,0,0,0,0,0,0,0,0,0,0,0
77,Kurt Benkert,GB,QB,1,0,0,0,0,0,0,0,0,2,-1,-0.5,0,-0.1,-0.1
78,Chase Daniel,LAC,QB,1,0,0,0,0,0,0,0,0,2,-2,-1,0,-0.2,-0.2
79,Davis Webb,BUF,QB,1,0,0,0,0,0,0,0,0,2,-3,-1.5,0,-0.3,-0.3
80,Logan Woodside,TEN,QB,5,0,0,0,0,0,0,0,0,6,-6,-1,0,-0.1,-0.6
81,Jacob Eason,SEA,QB,1,2,5,40,25,5,0,1,16.67,0,0,0,0,-1,-1
82,John Wolford,LAR,QB,3,1,4,25,5,1.2,0,1,0,2,-1,-0.5,0,-0.6,-1.9
83,Josh Rosen,ATL,QB,4,2,11,18.2,19,1.7,0,2,0,0,0,0,0,-0.8,-3.24
,,,,,,,,,,,,,,,,,,
2022,,,,,,,,,,,,,,,,,,
,,,,,,,,,,,,,,,,,,
1,Patrick Mahomes,KC,QB,17,435,648,67.1,5250,8.1,41,12,105.16,61,358,5.9,4,24.6,417.4
2,Josh Allen,BUF,QB,16,359,567,63.3,4283,7.6,35,14,96.61,124,762,6.1,7,24.7,395.52
3,Jalen Hurts,PHI,QB,15,306,460,66.5,3701,8,22,6,101.55,165,760,4.6,13,25.2,378.04
4,Joe Burrow,CIN,QB,16,414,606,68.3,4475,7.4,35,12,100.78,75,257,3.4,5,21.9,350.7
5,Geno Smith,SEA,QB,17,399,572,69.8,4282,7.5,30,11,100.87,68,366,5.4,1,17.9,303.88
6,Justin Fields,CHI,QB,15,192,318,60.4,2242,7.1,17,11,85.18,160,1143,7.1,8,19.7,295.98
7,Trevor Lawrence,JAX,QB,17,387,584,66.3,4113,7,25,8,95.21,62,291,4.7,5,17.4,295.62
8,Kirk Cousins,MIN,QB,17,424,643,65.9,4547,7.1,29,14,92.46,31,97,3.1,2,17.2,291.58
9,Daniel Jones,NYG,QB,16,317,472,67.2,3205,6.8,15,5,92.52,120,708,5.9,7,18.1,289
10,Jared Goff,DET,QB,17,382,587,65.1,4438,7.6,29,7,99.32,29,73,2.5,0,16.7,284.32
11,Justin Herbert,LAC,QB,17,477,699,68.2,4739,6.8,25,10,93.16,54,147,2.7,0,16.5,281.26
12,Tom Brady,TB,QB,17,490,733,66.8,4694,6.4,25,9,90.73,29,-1,0,1,16,271.66
13,Aaron Rodgers,GB,QB,17,350,542,64.6,3695,6.8,26,12,91.07,34,94,2.8,1,14.1,239.2
14,Lamar Jackson,BAL,QB,12,203,326,62.3,2242,6.9,17,7,91.07,112,764,6.8,3,19.7,236.08
15,Tua Tagovailoa,MIA,QB,13,259,400,64.8,3548,8.9,25,8,105.5,24,70,2.9,0,17.8,230.92
16,Russell Wilson,DEN,QB,15,292,483,60.5,3524,7.3,16,11,84.42,55,277,5,3,15.1,225.76
17,Derek Carr,LV,QB,15,305,502,60.8,3522,7,24,14,86.26,24,102,4.2,0,14.6,219.08
18,Kyler Murray PUP,ARI,QB,11,259,390,66.4,2368,6.1,14,7,87.21,67,418,6.2,3,18.2,200.52
19,Dak Prescott,DAL,QB,12,261,394,66.2,2860,7.3,23,15,91.13,45,182,4,1,16.6,198.6
20,Marcus Mariota,ATL,QB,13,184,300,61.3,2219,7.4,15,9,88.18,85,438,5.2,4,15.1,196.56
21,Davis Mills,HOU,QB,15,292,479,61,3118,6.5,17,15,78.79,32,108,3.4,2,12.1,181.52
22,Andy Dalton,NO,QB,14,252,378,66.7,2871,7.6,18,9,95.24,30,54,1.8,0,12.4,174.24
23,Mac Jones,NE,QB,14,288,442,65.2,2997,6.8,14,11,84.82,47,102,2.2,1,12.1,170.08
24,Jacoby Brissett,CLE,QB,16,236,369,64,2608,7.1,12,6,88.89,49,243,5,2,10.5,168.62
25,Jimmy Garoppolo,SF,QB,11,207,308,67.2,2437,7.9,16,4,102.96,23,33,1.4,2,15,164.78
26,Ryan Tannehill,TEN,QB,12,212,325,65.2,2536,7.8,13,6,94.6,34,98,2.9,2,13.4,161.24
27,Matt Ryan,IND,QB,12,309,461,67,3057,6.6,14,13,83.94,27,70,2.6,1,12.9,155.28
28,Kenny Pickett,PIT,QB,13,245,389,63,2404,6.2,7,9,76.68,55,237,4.3,3,11.5,149.86
29,Baker Mayfield,LAR,QB,12,201,335,60,2163,6.5,10,8,78.99,31,89,2.9,1,10.1,121.42
30,Taylor Heinicke,WAS,QB,9,161,259,62.2,1859,7.2,12,6,89.58,28,96,3.4,1,12.9,115.96
31,Carson Wentz,WAS,QB,8,172,276,62.3,1755,6.4,11,9,80.21,22,86,3.9,1,14.1,112.8
32,Matthew Stafford,LAR,QB,9,206,303,68,2087,6.9,10,8,87.44,13,9,0.7,1,12,108.38
33,Brock Purdy,SF,QB,9,114,170,67.1,1374,8.1,13,4,107.33,22,13,0.6,1,11.8,106.26
34,Zach Wilson,NYJ,QB,9,132,242,54.5,1688,7,6,7,72.81,28,102,3.6,1,11,98.92
35,Sam Darnold,CAR,QB,6,82,140,58.6,1143,8.2,7,3,92.65,26,106,4.1,2,14.4,86.32
36,Deshaun Watson,CLE,QB,6,99,170,58.2,1102,6.5,7,5,79.09,36,175,4.9,1,14.3,85.58
37,Mitch Trubisky,PIT,QB,7,117,180,65,1252,7,4,5,81.06,19,38,2,2,10.6,73.88
38,Cooper Rush,DAL,QB,9,94,162,58,1051,6.5,5,3,80.04,9,6,0.7,0,6.3,56.64
39,Mike White,NYJ,QB,4,103,175,58.9,1192,6.8,3,4,75.7,6,9,1.5,1,14.1,56.58
40,Tyler Huntley,BAL,QB,6,75,112,67,658,5.9,2,3,77.16,43,137,3.2,1,8.3,50.02
41,Joe Flacco,NYJ,QB,5,110,191,57.6,1051,5.5,5,3,75.19,3,6,2,0,9.7,48.34
42,Jameis Winston,NO,QB,3,73,115,63.5,858,7.5,4,5,79.55,5,16,3.2,0,14.6,43.92
43,Jarrett Stidham,LV,QB,5,53,83,63.9,656,7.9,4,3,89.23,14,84,6,0,8.5,42.64
44,Bailey Zappe,NE,QB,4,65,92,70.7,781,8.5,5,3,100.86,10,0,0,0,9.9,39.64
45,P.J. Walker,CAR,QB,6,63,106,59.4,731,6.9,3,3,77.99,6,39,6.5,0,6.5,39.14
46,Desmond Ridder,ATL,QB,4,73,115,63.5,708,6.2,2,0,86.43,16,64,4,0,9.7,38.72
47,Teddy Bridgewater,MIA,QB,5,49,79,62,683,8.6,4,4,85.57,3,27,9,0,7.6,38.02
48,Gardner Minshew,PHI,QB,5,44,76,57.9,663,8.7,3,3,83.39,7,3,0.4,1,7.4,36.82
49,Sam Ehlinger,IND,QB,4,64,101,63.4,573,5.7,3,3,76.05,17,87,5.1,0,8.9,35.62
50,Colt McCoy,ARI,QB,4,90,132,68.2,780,5.9,1,3,76.58,14,36,2.6,0,8.2,32.8
51,Joshua Dobbs,TEN,QB,2,40,68,58.8,411,6,2,2,73.84,8,44,5.5,0,10.4,20.84
52,Davis Webb,NYG,QB,1,23,40,57.5,168,4.2,1,0,75.83,6,41,6.8,1,20.8,20.82
53,Malik Willis,TEN,QB,8,31,61,50.8,276,4.5,0,3,42.79,27,123,4.6,1,2.4,19.34
54,David Blough,ARI,QB,2,38,58,65.5,402,6.9,2,2,82.69,4,5,1.2,0,9.3,18.58
55,Sam Howell,WAS,QB,1,11,19,57.9,169,8.9,1,1,83,5,35,7,1,18.3,18.26
56,Brett Rypien,DEN,QB,4,53,88,60.2,483,5.5,2,4,63.78,6,7,1.2,0,4.5,18.02
57,Skylar Thompson,MIA,QB,7,60,105,57.1,534,5.1,1,3,62.16,14,21,1.5,0,2.5,17.46
58,Jeff Driskel,HOU,QB,7,14,20,70,108,5.4,1,0,99.58,20,75,3.8,0,2.5,17.22
59,Kyle Allen,HOU,QB,2,46,78,59,416,5.3,2,4,60.63,6,13,2.2,0,8,15.94
60,Bryce Perkins,LAR,QB,5,19,34,55.9,161,4.7,1,2,53.68,19,90,4.7,0,3.1,15.44
61,John Wolford,LAR,QB,3,38,62,61.3,390,6.3,1,3,64.58,8,32,4,0,4.9,14.8
62,Trey Lance,SF,QB,2,15,31,48.4,194,6.3,0,1,55.04,16,67,4.2,0,6.2,12.46
63,Nick Mullens,MIN,QB,4,21,25,84,224,9,1,1,100.67,4,8,2,0,2.9,11.76
64,Jordan Love,GB,QB,4,14,21,66.7,195,9.3,1,0,112.2,1,-1,-1,0,2.9,11.7
65,Tyrod Taylor,NYG,QB,3,6,8,75,58,7.2,1,1,94.79,5,70,14,0,3.8,11.32
66,Trevor Siemian,CHI,QB,2,15,26,57.7,184,7.1,1,1,76.44,4,8,2,0,5.1,10.16
67,Chris Streveler,NYJ,QB,2,10,15,66.7,90,6,0,0,82.64,9,54,6,0,4.5,9
68,Trace McSorley,ARI,QB,6,45,83,54.2,412,5,0,5,42.85,15,61,4.1,0,1.4,8.58
69,Chase Daniel,LAC,QB,4,8,12,66.7,52,4.3,1,0,103.47,1,4,4,0,2.1,8.48
70,Nathan Peterman,CHI,QB,3,14,25,56,139,5.6,1,1,68.58,2,7,3.5,0,2.8,8.26
71,Anthony Brown,BAL,QB,2,22,49,44.9,302,6.2,0,2,48.17,3,-5,-1.7,0,2.8,5.58
72,Blaine Gabbert,TB,QB,1,6,8,75,29,3.6,1,0,119.27,0,0,0,0,5.2,5.16
73,Nick Foles,IND,QB,3,25,42,59.5,224,5.3,0,4,34.33,2,8,4,0,0.6,1.76
74,Brian Hoyer,NE,QB,1,5,6,83.3,37,6.2,0,0,92.36,0,0,0,0,1.5,1.48
75,Kyle Trask,TB,QB,1,3,9,33.3,23,2.6,0,0,42.36,0,0,0,0,0.9,0.92
76,Brandon Allen,CIN,QB,1,3,3,100,22,7.3,0,0,97.22,3,-1,-0.3,0,0.8,0.78
77,Josh Johnson,SF,QB,2,1,2,50,10,5,0,0,64.58,2,3,1.5,0,0.4,0.7
78,Jacob Eason,CAR,QB,1,3,5,60,59,11.8,0,1,61.67,0,0,0,0,0.4,0.36
79,Case Keenum,BUF,QB,2,2,7,28.6,8,1.1,0,0,39.58,5,0,0,0,0.2,0.32
80,Logan Woodside,ATL,QB,1,0,0,0,0,0,0,0,0,0,0,0,0,0,0
81,Nate Sudfeld,DET,QB,2,0,0,0,0,0,0,0,0,5,-4,-0.8,0,-0.2,-0.4
82,Chad Henne,KC,QB,3,0,2,0,0,0,0,0,39.58,5,-5,-1,0,-0.2,-0.5
83,C.J. Beathard,JAX,QB,4,7,11,63.6,35,3.2,0,1,30.49,4,-4,-1,0,-0.2,-1
84,Tim Boyle,CHI,QB,1,2,8,25,33,4.1,0,2,4.69,2,-2,-1,0,-2.9,-2.88