2018,,,,,,,,,,,,,,,,
,,TEAM,POS,GMS,RUSHING,,,,RECEIVING,,,,FUMBLES,,PPG,FPTS
RK,NAME,,,,ATT,YDS,AVG,TD,TGTS,REC,YDS,TD,FUM,LST,,
1,Saquon Barkley,NYG,RB,16,261,1307,5,11,121,91,721,4,0,0,24.1,385.8
2,Christian McCaffrey,CAR,RB,16,219,1098,5,7,124,107,867,6,4,1,24.1,385.5
3,Todd Gurley II,LAR,RB,14,256,1251,4.9,17,81,59,580,4,1,1,26.6,372.1
4,Alvin Kamara SUS,NO,RB,15,194,883,4.6,14,105,81,709,4,1,0,23.6,354.2
5,Ezekiel Elliott,DAL,RB,15,304,1435,4.7,6,95,77,567,3,6,1,21.9,329.2
6,James Conner,PIT,RB,13,215,973,4.5,12,71,55,497,1,4,2,21.5,280
7,James White,NE,RB,16,94,425,4.5,5,123,87,751,7,0,0,17.3,276.6
8,Melvin Gordon III,LAC,RB,12,175,885,5.1,10,66,50,490,4,1,0,23,275.5
9,David Johnson,ARI,RB,16,258,940,3.6,7,76,50,446,3,3,2,15.4,246.6
10,Joe Mixon,CIN,RB,14,237,1168,4.9,8,55,43,296,1,0,0,17.4,243.4
11,Tarik Cohen,CHI,RB,16,99,444,4.5,3,91,71,725,5,7,3,14.6,233.94
12,Kareem Hunt,KC,RB,11,181,824,4.6,7,35,26,378,7,0,0,20.9,230.2
13,Phillip Lindsay,DEN,RB,15,192,1037,5.4,9,47,35,241,1,0,0,14.9,222.8
14,Kenyan Drake,MIA,RB,16,120,535,4.5,4,73,53,477,5,2,1,12.9,206.2
15,Chris Carson,SEA,RB,14,247,1151,4.7,9,24,20,163,0,3,2,14.4,201.4
16,Derrick Henry,TEN,RB,16,215,1059,4.9,12,18,15,99,0,1,1,12.6,201.36
17,Nick Chubb,CLE,RB,16,192,996,5.2,8,29,20,149,2,0,0,12.2,194.5
18,Tevin Coleman,ATL,RB,16,167,800,4.8,4,44,32,276,5,2,0,12.1,193.6
19,Adrian Peterson,WAS,RB,16,251,1042,4.2,7,26,20,208,1,3,2,11.8,189
20,Jordan Howard,CHI,RB,16,250,935,3.7,9,27,20,145,0,2,1,11.2,180
21,Marlon Mack IR,IND,RB,12,195,908,4.7,9,26,17,103,1,2,2,14.8,178.1
22,T.J. Yeldon,JAX,RB,14,104,414,4,1,77,55,487,4,1,1,12.4,173.1
23,Lamar Miller,HOU,RB,14,210,973,4.6,5,35,25,163,1,1,1,12.3,172.6
24,Aaron Jones,GB,RB,12,133,728,5.5,8,35,26,206,1,1,1,14.3,171.4
25,Austin Ekeler,LAC,RB,14,106,554,5.2,3,53,39,404,3,1,1,12.1,168.8
26,Matt Breida,SF,RB,14,153,814,5.3,3,31,27,261,2,1,1,11.6,162.5
27,Nyheim Hines,IND,RB,16,85,314,3.7,2,81,63,425,2,1,0,10.1,160.9
28,Dion Lewis,TEN,RB,16,155,517,3.3,1,67,59,400,1,1,1,10,160.7
29,Jalen Richard,LV,RB,16,55,259,4.7,1,81,68,607,0,3,2,9.8,156.6
30,Dalvin Cook,MIN,RB,11,133,615,4.6,2,49,40,305,2,2,2,13.8,152
31,Peyton Barber,TB,RB,16,234,871,3.7,5,29,20,92,1,1,1,9.4,150.3
32,Mark Ingram II,NO,RB,12,138,645,4.7,6,27,21,170,1,3,1,11.9,142.5
33,Isaiah Crowell,NYJ,RB,13,143,685,4.8,6,28,21,152,0,0,0,10.8,140.7
34,Kerryon Johnson,DET,RB,10,118,641,5.4,3,39,32,213,1,1,1,13.9,139.4
35,Sony Michel,NE,RB,13,209,931,4.5,6,11,7,50,0,1,1,10.7,139.1
36,Mike Davis,SEA,RB,15,112,514,4.6,4,42,34,214,1,0,0,9.1,136.8
37,Duke Johnson,CLE,RB,16,40,201,5,0,62,47,429,3,1,0,8.2,132
38,Latavius Murray,MIN,RB,16,140,578,4.1,6,26,22,141,0,0,0,8.2,131.9
39,LeSean McCoy,BUF,RB,14,161,514,3.2,3,46,34,238,0,0,0,9.1,127.2
40,Leonard Fournette,JAX,RB,8,133,439,3.3,5,26,22,185,1,0,0,15,120.4
41,Doug Martin,LV,RB,16,172,723,4.2,4,24,18,116,0,3,3,7.5,119.9
42,Wendell Smallwood,PHI,RB,16,87,364,4.2,3,35,28,230,2,2,1,7.3,117.4
43,Theo Riddick,DET,RB,14,40,171,4.3,0,74,61,384,0,0,0,8.3,116.5
44,Jamaal Williams,GB,RB,16,121,464,3.8,3,41,27,210,0,0,0,7.2,114.4
45,Alex Collins,BAL,RB,10,114,411,3.6,7,21,15,105,1,3,3,10.9,108.6
46,Frank Gore,MIA,RB,14,156,722,4.6,0,16,12,124,1,1,0,7.3,102.6
47,Royce Freeman,DEN,RB,14,130,521,4,5,20,14,72,0,1,1,7.2,101.3
48,Damien Williams,KC,RB,14,50,256,5.1,4,24,23,160,2,1,1,7,98.6
49,Carlos Hyde,JAX,RB,14,172,571,3.3,5,17,10,33,0,2,1,7,98.4
50,Ito Smith,ATL,RB,14,90,315,3.5,4,32,27,152,0,1,0,7,97.7
51,Alfred Blue,HOU,RB,16,150,499,3.3,2,27,20,154,0,0,0,6.1,97.3
52,Giovani Bernard,CIN,RB,12,56,211,3.8,3,48,35,218,0,0,0,8,95.9
53,Javorius Allen,BAL,RB,14,41,110,2.7,3,43,35,196,2,1,1,6.7,93.6
54,Chris Thompson,WAS,RB,10,43,178,4.1,0,55,41,268,1,1,0,9.2,91.6
55,Cordarrelle Patterson,NE,RB,15,42,228,5.4,1,28,21,247,3,1,1,6,90.5
56,Gus Edwards,BAL,RB,11,137,718,5.2,2,2,2,20,0,0,0,8.2,89.8
57,Jaylen Samuels,PIT,RB,14,56,256,4.6,0,29,26,199,3,1,0,6.4,89.5
58,Devontae Booker,DEN,RB,16,34,183,5.4,1,51,38,275,0,1,1,5.5,87.8
59,LeGarrette Blount,DET,RB,16,154,418,2.7,5,15,10,67,0,2,1,5.4,86.5
60,Elijah McGuire,NYJ,RB,8,92,276,3,3,31,19,193,1,2,2,10.7,85.9
61,Jacquizz Rodgers,TB,RB,16,33,106,3.2,1,45,38,304,0,1,1,5.2,83
62,Josh Adams,PHI,RB,13,120,511,4.3,3,13,7,58,0,1,1,6.3,81.9
63,Corey Clement,PHI,RB,11,68,259,3.8,2,25,22,192,0,4,0,7.4,81.1
64,Marshawn Lynch,LV,RB,6,90,376,4.2,3,20,15,84,0,0,0,13.2,79
64,Spencer Ware,KC,RB,13,51,246,4.8,2,23,20,224,0,0,0,6.1,79
66,Chris Ivory,BUF,RB,13,115,385,3.3,1,21,13,205,0,1,0,6,78
67,Rashaad Penny,SEA,RB,14,85,419,4.9,2,12,9,75,0,0,0,5,70.4
68,Alfred Morris,SF,RB,12,111,428,3.9,2,14,8,73,0,2,1,5.7,68.1
69,CJ Anderson,LAR,RB,11,67,403,6,2,9,5,41,1,0,0,6.1,67.4
69,Kyle Juszczyk,SF,FB,16,8,30,3.8,0,40,30,324,1,2,2,4.2,67.4
71,Chase Edmonds,ARI,RB,16,60,208,3.5,2,23,20,103,0,1,0,3.9,63.1
72,Kapri Bibbs,GB,RB,12,21,103,4.9,3,23,16,115,1,1,0,5.2,61.8
73,Justin Jackson,LAC,RB,9,50,206,4.1,2,19,15,135,0,0,0,6.8,61.1
74,Darren Sproles,PHI,RB,6,29,120,4.1,1,23,15,160,2,0,0,10.2,61
75,Bilal Powell,NYJ,RB,7,80,343,4.3,0,18,11,110,1,2,1,8.6,60.3
76,Jordan Wilkins,IND,RB,16,60,336,5.6,1,17,16,85,0,2,2,3.8,60.1
77,Zach Zenner,DET,RB,8,55,265,4.8,3,10,7,56,0,0,0,7.1,57.1
78,Kenneth Dixon,BAL,RB,6,60,333,5.6,2,7,6,51,0,2,1,9.1,54.4
79,Rex Burkhead,NE,RB,8,57,186,3.3,0,20,14,131,1,2,1,6.2,49.7
80,Trenton Cannon,NYJ,RB,16,38,113,3,1,25,17,144,0,0,0,3,48.7
81,Wayne Gallman,NYG,RB,15,51,176,3.5,1,22,14,89,0,2,1,3,44.5
82,Jeff Wilson Jr.,SF,RB,6,66,266,4,0,15,12,98,0,3,2,7.4,44.4
83,Jay Ajayi,PHI,RB,4,45,184,4.1,3,6,5,20,0,1,1,10.8,43.4
84,James Develin,NE,FB,16,6,8,1.3,4,18,12,61,0,0,0,2.7,42.9
85,Malcolm Brown,LAR,RB,12,43,212,4.9,0,7,5,52,1,0,0,3.3,39.4
86,Raheem Mostert,SF,RB,9,34,261,7.7,1,7,6,25,0,1,1,4.3,38.6
86,Marcus Murphy,BUF,RB,11,52,250,4.8,0,19,11,26,0,1,0,3.5,38.6
88,Kalen Ballage,MIA,RB,12,36,191,5.3,1,11,9,56,0,1,1,3.1,37.7
89,Rod Smith,DAL,RB,16,44,127,2.9,1,12,9,60,0,0,0,2.1,33.7
90,Brandon Bolden,MIA,RB,16,8,91,11.4,2,3,3,13,1,1,1,1.8,29.4
91,Andy Janovich,DEN,FB,16,2,5,2.5,0,10,8,112,1,0,0,1.6,25.7
92,Anthony Sherman,KC,FB,16,1,2,2,0,9,8,96,1,0,0,1.5,23.8
93,Taquan Mizzell,CHI,RB,9,9,16,1.8,0,10,8,78,1,0,0,2.6,23.4
94,Zach Line,NO,FB,16,9,41,4.6,0,10,5,14,2,0,0,1.4,22.5
95,Ronald Jones SUS,TB,RB,9,23,44,1.9,1,9,7,33,0,0,0,2.3,20.7
96,C.J. Ham,MIN,FB,15,6,8,1.3,0,15,11,85,0,0,0,1.4,20.3
97,Corey Grant,JAX,RB,5,13,40,3.1,0,12,9,67,0,0,0,3.9,19.7
98,Jason Cabinda,LV,FB,10,0,0,0,0,0,0,0,0,0,0,1.8,18.5
99,Dontrell Hilliard,CLE,RB,11,0,0,0,0,10,9,105,0,0,0,1.6,17.5
100,Cameron Artis-Payne,CAR,RB,9,19,69,3.6,1,4,3,15,0,0,0,1.9,17.4
101,Darrel Williams,KC,RB,4,13,44,3.4,0,3,3,27,1,0,0,4,16.1
102,Brian Hill,ATL,RB,9,20,157,7.8,0,2,1,9,0,1,1,1.7,15.6
103,Elijhaa Penny,NYG,RB,12,7,25,3.6,0,9,8,50,0,0,0,1.3,15.5
104,Dwayne Washington,NO,RB,6,27,154,5.7,0,0,0,0,0,0,0,2.6,15.4
105,Alex Armah,CAR,RB,16,9,15,1.7,2,1,1,5,0,0,0,0.9,15
106,Stevan Ridley,PIT,RB,10,29,80,2.8,1,4,3,18,0,2,2,1.5,14.8
107,Devonta Freeman,ATL,RB,2,14,68,4.9,0,7,5,23,0,0,0,7,14.1
108,Keith Ford,BUF,RB,2,21,79,3.8,0,5,3,21,0,0,0,6.5,13
109,Mark Walton,CIN,RB,14,14,34,2.4,0,8,5,41,0,0,0,0.9,12.5
110,John Kelly Jr.,LAR,RB,4,27,74,2.7,0,3,2,27,0,0,0,3,12.1
111,Charcandrick West,KC,RB,3,2,-1,-0.5,0,3,2,37,1,0,0,3.9,11.6
112,DeAndre Washington,LV,RB,10,30,115,3.8,0,1,1,9,0,1,1,1.1,11.4
113,T.J. Logan,ARI,RB,10,2,2,1,0,7,7,37,0,0,0,1.1,10.9
114,D'Onta Foreman,HOU,RB,1,7,-1,-0.1,0,2,2,28,1,1,0,10.7,10.7
115,Patrick DiMarco,BUF,FB,16,1,9,9,0,4,3,62,0,0,0,0.6,10.1
115,Tommy Bohanon,JAX,FB,16,1,0,0,0,9,6,41,0,0,0,0.6,10.1
117,Detrez Newsome,LAC,RB,9,11,49,4.5,0,2,2,19,0,0,0,1,8.8
118,Kenjon Barner,CAR,RB,9,19,71,3.7,0,1,1,3,0,1,0,0.9,8.4
119,Roosevelt Nix,PIT,FB,16,1,4,4,0,6,4,38,0,0,0,0.5,8.2
120,Byron Marshall,WAS,RB,6,3,9,3,0,6,4,30,0,0,0,1.3,7.9
121,Keith Smith,LV,FB,16,1,0,0,0,7,5,23,0,0,0,0.5,7.3
122,Roc Thomas,MIN,RB,5,8,30,3.8,0,4,2,21,0,0,0,1.4,7.1
123,Mike Boone,MIN,RB,8,11,47,4.3,0,3,2,1,0,0,0,0.8,6.8
124,Samaje Perine,WAS,RB,5,8,32,4,0,4,3,5,0,0,0,1.3,6.7
125,Tyler Ervin,HOU,RB,9,0,0,0,0,4,3,35,0,1,0,0.7,6.5
126,Shaun Wilson,TB,RB,5,6,29,4.8,0,5,3,5,0,0,0,1.3,6.4
127,Tre Madden,SEA,RB,14,3,3,1,0,3,2,35,0,0,0,0.4,5.8
128,C.J. Prosise,SEA,RB,5,1,-3,-3,0,3,3,22,0,0,0,1,4.9
129,Mike Gillislee,NO,RB,4,16,43,2.7,0,1,1,9,0,1,1,1,4.2
130,Jeremy Hill,NE,RB,1,4,25,6.2,0,1,1,6,0,0,0,4.1,4.1
130,De'Lance Turner,BAL,RB,4,1,4,4,0,2,2,17,0,0,0,1,4.1
130,Ricky Ortiz,ATL,FB,12,0,0,0,0,4,3,11,0,0,0,0.3,4.1
133,Derrick Coleman,ARI,FB,16,2,3,1.5,0,3,2,17,0,0,0,0.2,4
134,Benjamin Cunningham,CHI,RB,15,11,20,1.8,0,2,1,9,0,0,0,0.3,3.9
134,Ameer Abdullah,MIN,RB,10,1,1,1,0,4,3,28,0,1,1,0.4,3.9
136,David Williams,JAX,RB,3,8,36,4.5,0,0,0,0,0,0,0,1.2,3.6
137,Jamaal Charles,JAX,RB,2,6,7,1.2,0,3,2,7,0,0,0,1.7,3.4
138,Jamize Olawale,DAL,FB,16,0,0,0,0,4,2,13,0,0,0,0.2,3.3
139,Travaris Cadet,CAR,RB,1,11,17,1.5,0,1,1,5,0,0,0,3.2,3.2
140,Alan Cross,TB,FB,14,0,0,0,0,5,2,9,0,0,0,0.2,2.9
141,Jeremy Langford,ATL,RB,1,9,25,2.8,0,0,0,0,0,0,0,2.5,2.5
142,Derek Watt,LAC,FB,16,4,11,2.8,0,1,1,2,0,0,0,0.1,2.3
143,Justin Davis,LAR,RB,11,2,19,9.5,0,0,0,0,0,0,0,0.2,1.9
144,Jonathan Stewart,NYG,RB,3,6,17,2.8,0,0,0,0,0,0,0,0.6,1.7
145,David Fluellen,TEN,RB,7,4,16,4,0,0,0,0,0,0,0,0.2,1.6
145,Darius Jackson,DAL,RB,4,6,16,2.7,0,1,0,0,0,0,0,0.4,1.6
145,Michael Burton,CHI,FB,8,0,0,0,0,1,1,6,0,0,0,0.2,1.6
148,Brandon Wilds,JAX,RB,3,6,15,2.5,0,0,0,0,0,0,0,0.5,1.5
148,Godwin Igwebuike,SF,RB,6,0,0,0,0,0,0,0,0,0,0,0.2,1.5
150,Danny Vitale,GB,FB,5,0,0,0,0,2,1,2,0,0,0,0.2,1.2
151,Jonathan Williams,IND,RB,3,3,0,0,0,1,1,1,0,0,0,0.4,1.1
152,Christine Michael,IND,RB,1,2,9,4.5,0,0,0,0,0,0,0,0.9,0.9
153,Rob Kelley,WAS,RB,2,4,8,2,0,0,0,0,0,0,0,0.4,0.8
153,J.D. McKissic,SEA,RB,5,3,8,2.7,0,1,0,0,0,0,0,0.2,0.8
155,Jeremy McNichols,IND,RB,1,2,4,2,0,0,0,0,0,0,0,0.4,0.4
156,Robert Turbin,IND,RB,2,4,10,2.5,0,2,1,3,0,1,1,0.2,0.3
157,Taiwan Jones,BUF,RB,6,0,0,0,0,2,0,0,0,0,0,0,0
157,Senorise Perry,MIA,RB,16,0,0,0,0,0,0,0,0,0,0,0,0
157,Tra Carson,GB,RB,6,0,0,0,0,0,0,0,0,0,0,0,0
157,Patrick Ricard,BAL,FB,10,0,0,0,0,0,0,0,0,0,0,0,0
157,Shane Smith,NYG,FB,2,0,0,0,0,0,0,0,0,0,0,0,0
157,Buddy Howell,HOU,RB,15,0,0,0,0,0,0,0,0,0,0,0,0
157,Thomas Rawls,CIN,RB,1,0,0,0,0,0,0,0,0,0,0,0,0
157,Dare Ogunbowale,TB,RB,2,0,0,0,0,0,0,0,0,0,0,0,0
157,Matt Dayes,SF,RB,6,0,0,0,0,0,0,0,0,0,0,0,0
157,Trey Edmunds,PIT,RB,4,0,0,0,0,0,0,0,0,0,0,0,0
157,Boston Scott,PHI,RB,1,0,0,0,0,0,0,0,0,0,0,0,0
168,De'Angelo Henderson,NYJ,RB,1,2,19,9.5,0,0,0,0,0,1,1,-0.1,-0.1
,,,,,,,,,,,,,,,,
2019,,,,,,,,,,,,,,,,
1,Christian McCaffrey,CAR,RB,16,287,1387,4.8,15,141,116,1005,4,1,0,29.4,471.2
2,Aaron Jones,GB,RB,16,236,1084,4.6,16,68,49,474,3,3,2,19.7,314.8
3,Ezekiel Elliott,DAL,RB,16,301,1357,4.5,12,71,54,420,2,3,2,19.5,311.7
4,Austin Ekeler,LAC,RB,16,132,557,4.2,3,108,92,993,8,3,2,19.3,309
5,Derrick Henry,TEN,RB,15,303,1540,5.1,16,24,18,206,2,5,3,19.6,294.6
6,Dalvin Cook,MIN,RB,14,250,1135,4.5,13,63,53,519,0,4,2,20.9,292.4
7,Leonard Fournette,JAX,RB,15,265,1152,4.3,3,100,76,522,0,1,1,17.3,259.4
8,Nick Chubb,CLE,RB,16,298,1494,5,8,49,36,278,0,3,3,16,255.2
9,Alvin Kamara SUS,NO,RB,14,171,797,4.7,5,97,81,533,1,4,1,17.8,248.52
10,Saquon Barkley,NYG,RB,13,217,1003,4.6,6,73,52,438,2,1,0,18.8,244.1
11,Mark Ingram II,BAL,RB,15,202,1018,5,10,29,26,247,5,2,2,16.2,242.5
12,Chris Carson,SEA,RB,15,278,1230,4.4,7,47,37,266,2,7,4,15.5,232.6
13,Joe Mixon,CIN,RB,16,278,1137,4.1,5,45,35,287,3,0,0,14.1,225.4
14,Todd Gurley II,LAR,RB,15,223,857,3.8,12,49,31,207,2,3,2,14.6,219.4
15,Miles Sanders,PHI,RB,16,179,818,4.6,3,63,50,509,3,2,1,13.7,218.7
16,Le'Veon Bell,NYJ,RB,15,245,789,3.2,3,78,66,461,1,1,1,14.3,215
17,Kenyan Drake,ARI,RB,14,170,817,4.8,8,68,50,345,0,2,1,15.3,214.2
18,James White,NE,RB,15,67,263,3.9,1,95,72,645,5,1,1,13.3,200.2
19,Phillip Lindsay,DEN,RB,16,224,1011,4.5,7,48,35,196,0,0,0,12.4,197.7
20,Devonta Freeman,ATL,RB,14,184,656,3.6,2,70,59,410,4,3,2,14.1,197.6
21,Josh Jacobs O,LV,RB,13,242,1150,4.8,7,27,20,166,0,1,1,14.7,191.6
22,Marlon Mack IR,IND,RB,14,247,1091,4.4,8,17,14,82,0,0,0,13,181.3
23,Melvin Gordon III,LAC,RB,12,162,612,3.8,8,55,42,296,1,4,3,15.1,180.8
24,David Montgomery,CHI,RB,16,242,889,3.7,6,35,25,185,1,2,2,10.6,170.4
25,Ronald Jones SUS,TB,RB,16,172,724,4.2,6,40,31,309,0,3,2,10.4,166.3
26,Raheem Mostert,SF,RB,16,137,772,5.6,8,22,14,180,2,2,2,10.3,165.2
27,Tarik Cohen,CHI,RB,16,64,213,3.3,0,104,79,456,3,3,0,10.2,163.9
28,Latavius Murray,NO,RB,16,146,637,4.4,5,43,34,235,1,0,0,9.8,157.2
29,Duke Johnson,HOU,RB,16,83,410,4.9,2,62,44,410,3,1,1,9.6,154
30,Carlos Hyde,HOU,RB,16,245,1070,4.4,6,16,10,42,0,4,2,9.6,153.2
31,Sony Michel,NE,RB,16,247,912,3.7,7,20,12,94,0,2,1,9.5,152.6
32,Devin Singletary,BUF,RB,12,151,775,5.1,2,41,29,194,2,4,1,12.3,147.9
33,Adrian Peterson,WAS,RB,15,211,898,4.3,5,23,17,142,0,3,2,9.8,147
34,Jamaal Williams,GB,RB,14,107,460,4.3,1,45,39,253,5,0,0,10.4,146.3
35,James Conner,PIT,RB,10,116,464,4,4,38,34,251,3,1,1,14.6,145.5
36,Royce Freeman,DEN,RB,16,132,496,3.8,3,50,43,256,1,0,0,8.9,142.2
37,David Johnson,ARI,RB,13,94,345,3.7,2,47,36,370,4,1,1,10.9,141.5
38,Damien Williams,KC,RB,11,111,498,4.5,5,37,30,213,2,1,1,12.8,141.1
39,Tevin Coleman,SF,RB,14,137,544,4,6,30,21,180,1,0,0,9.7,135.4
40,DeAndre Washington,LV,RB,16,108,387,3.6,3,40,36,292,0,0,0,7.6,121.9
41,LeSean McCoy,KC,RB,13,101,465,4.6,4,34,28,181,1,3,2,9.1,118.6
42,Peyton Barber,TB,RB,16,154,470,3.1,6,24,16,115,1,1,1,7.3,116.5
43,Jordan Howard,PHI,RB,10,119,525,4.4,6,14,10,69,1,0,0,11.1,111.4
44,Nyheim Hines,IND,RB,16,52,199,3.8,2,58,44,320,0,1,1,6.6,105.9
45,Jaylen Samuels,PIT,RB,14,66,175,2.7,1,57,47,305,1,1,1,7.5,104.4
46,Matt Breida,SF,RB,13,123,623,5.1,1,22,19,120,1,2,1,7.9,103.3
47,Kareem Hunt,CLE,RB,8,43,179,4.2,2,44,37,285,1,1,0,12.7,101.4
48,Rex Burkhead,NE,RB,13,65,302,4.6,3,38,27,279,0,1,1,7.8,101.1
49,Boston Scott,PHI,RB,11,61,245,4,5,26,24,204,0,4,1,8.8,96.9
50,Frank Gore,BUF,RB,16,166,599,3.6,2,16,13,100,0,0,0,5.9,94.9
51,Chris Thompson,WAS,RB,11,37,138,3.7,0,58,42,378,0,1,0,8.5,93.6
52,Gus Edwards,BAL,RB,16,133,711,5.3,2,8,7,45,0,2,1,5.8,92.6
53,Tony Pollard,DAL,RB,15,86,455,5.3,2,20,15,107,1,1,1,5.9,89.2
54,Kerryon Johnson,DET,RB,8,113,403,3.6,3,15,10,127,1,1,1,10.6,85
55,J.D. McKissic,DET,RB,16,38,205,5.4,0,42,34,233,1,0,0,5.2,83.8
56,Chase Edmonds,ARI,RB,13,60,303,5,4,21,12,105,1,0,0,6.4,82.8
56,Jalen Richard,LV,RB,16,39,145,3.7,0,43,36,323,0,2,0,5.2,82.8
58,Rashaad Penny,SEA,RB,10,65,370,5.7,3,11,8,83,1,1,1,7.5,75.3
58,Dare Ogunbowale,TB,RB,16,11,17,1.5,2,47,35,286,0,2,1,4.7,75.3
60,Alexander Mattison,MIN,RB,13,100,462,4.6,1,12,10,82,0,1,1,5.3,68.4
60,Giovani Bernard,CIN,RB,16,53,170,3.2,0,43,30,234,0,2,1,4.3,68.4
62,Patrick Laird,MIA,RB,15,62,168,2.7,1,30,23,204,0,0,0,4.5,68.2
63,Darrel Williams,KC,RB,10,41,141,3.4,3,19,15,167,1,1,1,6.8,67.8
64,Brian Hill,ATL,RB,12,78,323,4.1,2,14,10,69,1,0,0,5.6,67.2
65,Dion Lewis,TEN,RB,16,54,209,3.9,0,32,25,164,1,1,1,4.1,66.3
66,Ty Johnson,DET,RB,16,63,273,4.3,0,31,24,109,0,1,1,3.8,60.2
67,Malcolm Brown,LAR,RB,14,69,255,3.7,5,6,2,16,0,0,0,4.2,59.1
68,Benny Snell Jr.,PIT,RB,13,108,426,3.9,2,4,3,23,0,1,1,4.5,57.9
69,Derrius Guice,WAS,RB,5,42,245,5.8,2,9,7,79,1,0,0,11.5,57.4
70,Jordan Wilkins,IND,RB,14,51,307,6,2,11,7,43,0,0,0,3.9,54
71,Kalen Ballage,MIA,RB,12,74,135,1.8,3,24,14,63,0,0,0,4.3,51.8
72,Ryquell Armstead,JAX,RB,16,35,108,3.1,0,24,14,144,2,0,0,3.2,51.2
73,Brandon Bolden,NE,RB,15,15,68,4.5,3,11,9,111,1,0,0,3.4,50.9
74,Kyle Juszczyk,SF,FB,12,3,7,2.3,0,24,20,239,1,0,0,4.2,50.6
75,Mike Boone,MIN,RB,16,49,273,5.6,3,4,3,17,0,0,0,3.1,50
76,Justice Hill,BAL,RB,16,58,225,3.9,2,15,8,70,0,0,0,3.1,49.5
77,Wayne Gallman,NYG,RB,10,29,110,3.8,2,15,11,102,1,1,1,4.8,48.2
78,Jeff Wilson Jr.,SF,RB,10,27,105,3.9,4,5,3,34,1,0,0,4.7,46.9
79,Bo Scarbrough,DET,RB,6,89,377,4.2,1,4,1,5,0,1,1,7.2,43.2
80,Mark Walton,MIA,RB,7,53,201,3.8,0,21,15,89,0,1,1,6,42
81,Jonathan Williams,IND,RB,9,49,235,4.8,1,5,5,59,0,0,0,4.5,40.4
82,Ameer Abdullah,MIN,RB,16,23,115,5,0,21,15,88,1,1,1,2.5,39.3
83,Dontrell Hilliard,CLE,RB,14,13,49,3.8,2,15,12,92,0,2,0,2.7,38.1
84,C.J. Ham,MIN,FB,16,7,17,2.4,0,26,17,149,1,1,1,2.4,37.6
85,Ito Smith,ATL,RB,7,22,106,4.8,1,14,11,87,0,0,0,5.2,36.3
86,Bilal Powell,NYJ,RB,13,59,229,3.9,0,12,7,33,0,0,0,2.6,33.2
87,Darwin Thompson,KC,RB,12,37,128,3.5,1,10,9,43,0,0,0,2.7,32.1
88,Myles Gaskin,MIA,RB,7,36,133,3.7,1,12,7,51,0,0,0,4.5,31.4
89,Justin Jackson,LAC,RB,7,29,200,6.9,0,11,9,22,0,0,0,4.5,31.2
90,Qadree Ollison,ATL,RB,8,22,50,2.3,4,2,1,7,0,1,0,3.8,30.7
91,T.J. Yeldon,BUF,RB,6,17,63,3.7,0,15,13,124,0,1,1,5,29.7
92,Cordarrelle Patterson,CHI,RB,16,17,103,6.1,0,17,11,83,0,0,0,1.8,29.6
93,Reggie Bonnafon,CAR,RB,13,16,116,7.2,1,9,6,57,0,0,0,2.3,29.3
94,C.J. Prosise,SEA,RB,9,23,72,3.1,1,12,10,76,0,1,1,3.2,28.8
95,Travis Homer,SEA,RB,16,18,114,6.3,0,13,11,56,0,0,0,1.8,28
96,Andrew Beck,DEN,FB,16,1,3,3,0,12,9,90,1,0,0,1.5,24.54
97,Wendell Smallwood,WAS,RB,15,22,81,3.7,0,13,9,64,0,0,0,1.6,23.5
98,Darrell Henderson Jr.,LAR,RB,13,39,147,3.8,0,6,4,37,0,0,0,1.7,22.4
99,Trey Edmunds,PIT,RB,11,22,92,4.2,0,7,6,48,0,0,0,1.8,20
100,Patrick Ricard,BAL,FB,16,0,0,0,0,11,8,47,1,0,0,1.2,18.7
101,Alec Ingold,LV,FB,16,10,17,1.7,0,6,6,44,1,0,0,1.1,18.1
102,Darren Sproles,PHI,RB,6,17,66,3.9,0,10,6,24,0,1,0,2.8,17
102,Danny Vitale,GB,FB,15,1,3,3,0,12,7,97,0,0,0,1.1,17
104,Wes Hills,DET,RB,1,10,21,2.1,2,2,2,1,0,0,0,16.2,16.2
105,Andy Janovich,DEN,FB,7,1,1,1,1,5,5,42,0,0,0,2.2,15.3
106,D'Ernest Johnson,CLE,RB,16,4,21,5.2,0,7,6,71,0,0,0,1,15.2
107,Kerrith Whyte Jr.,PIT,RB,6,24,122,5.1,0,1,1,9,0,0,0,2.4,14.1
108,Derek Watt,LAC,FB,16,7,10,1.4,1,5,3,32,0,0,0,0.8,13.2
109,Devontae Booker,DEN,RB,16,2,9,4.5,0,9,6,57,0,0,0,0.8,12.6
110,Spencer Ware,KC,RB,3,17,51,3,0,7,5,22,0,1,0,4.1,12.3
111,Mike Davis,CAR,RB,12,13,27,2.1,0,8,7,22,0,0,0,1,11.9
112,Zach Line,NO,FB,12,7,20,2.9,0,10,6,36,0,0,0,1,11.6
113,Javorius Allen,NYG,RB,10,10,36,3.6,1,2,1,9,0,0,0,1.2,11.5
114,Tra Carson,DET,RB,3,18,48,2.7,0,4,4,18,0,0,0,3.5,10.6
115,Patrick DiMarco,BUF,FB,16,3,7,2.3,0,7,5,41,0,0,0,0.6,9.8
116,Alex Armah,CAR,RB,16,6,11,1.8,1,2,2,6,0,0,0,0.6,9.7
117,Marshawn Lynch,SEA,RB,1,12,34,2.8,1,0,0,0,0,0,0,9.4,9.4
117,Troymaine Pope,LAC,RB,14,10,20,2,0,3,2,14,1,1,1,0.7,9.4
117,Khari Blasingame,TEN,FB,6,0,0,0,0,5,4,54,0,0,0,1.6,9.4
120,Kenjon Barner,ATL,RB,14,4,28,7,0,8,6,22,0,4,1,0.7,9.12
121,Jon Hilliman,NYG,RB,3,30,91,3,0,4,3,1,0,2,2,2.7,8.2
122,Devine Ozigbo,JAX,RB,10,9,27,3,0,5,3,23,0,0,0,0.8,8
123,Dwayne Washington,NO,RB,15,8,60,7.5,0,1,1,6,0,0,0,0.5,7.6
124,Elijhaa Penny,NYG,RB,16,15,39,2.6,0,4,2,9,0,0,0,0.4,6.8
125,Taiwan Jones,HOU,RB,11,9,40,4.4,0,1,1,9,0,0,0,0.5,5.9
126,Nick Bawden,DET,FB,10,0,0,0,0,6,4,17,0,0,0,0.6,5.7
127,Anthony Sherman,KC,FB,16,4,9,2.2,0,3,2,22,0,0,0,0.3,5.1
128,Paul Perkins,DET,RB,4,12,29,2.4,0,1,1,9,0,0,0,1.2,4.8
129,CJ Anderson,DET,RB,2,16,43,2.7,0,0,0,0,0,0,0,2.2,4.3
129,T.J. Logan,TB,RB,12,3,10,3.3,0,3,2,13,0,0,0,0.4,4.3
131,Tyler Ervin,GB,RB,8,1,10,10,0,4,2,11,0,2,0,0.5,4.1
132,Zach Zenner,MIA,RB,5,3,-2,-0.7,0,3,2,19,0,0,0,0.7,3.7
133,Keith Smith,ATL,FB,16,5,8,1.6,0,4,1,13,0,0,0,0.2,3.1
134,Jay Ajayi,PHI,RB,3,10,30,3,0,1,0,0,0,0,0,1,3
135,Dalyn Dawkins,TEN,RB,2,11,26,2.4,0,1,0,0,0,0,0,1.3,2.6
136,Roosevelt Nix,PIT,FB,3,0,0,0,0,3,2,4,0,0,0,0.8,2.4
137,Ricky Ortiz,NO,FB,1,0,0,0,0,1,1,8,0,0,0,1.8,1.8
138,Samaje Perine,MIA,RB,7,5,16,3.2,0,0,0,0,0,0,0,0.2,1.6
139,Jason Cabinda,DET,FB,4,0,0,0,0,0,0,0,0,0,0,0.4,1.5
139,Jakob Johnson,NE,FB,2,0,0,0,0,2,1,5,0,0,0,0.8,1.5
141,Senorise Perry,BUF,RB,11,3,3,1,0,1,1,1,0,0,0,0.1,1.4
142,Damien Harris,NE,RB,3,4,12,3,0,0,0,0,0,0,0,0.4,1.2
142,Josh Adams,NYJ,RB,3,8,12,1.5,0,0,0,0,0,0,0,0.4,1.2
144,Dexter Williams,GB,RB,4,5,11,2.2,0,0,0,0,0,0,0,0.3,1.1
145,Buddy Howell,HOU,RB,16,5,10,2,0,0,0,0,0,0,0,0.1,1
146,Jordan Scarlett,CAR,RB,9,4,9,2.2,0,0,0,0,0,0,0,0.1,0.9
146,John Kelly Jr.,LAR,RB,4,3,9,3,0,0,0,0,0,0,0,0.2,0.9
146,Josh Ferguson,WAS,RB,2,3,9,3,0,0,0,0,0,0,0,0.4,0.9
149,Ryan Nall,CHI,RB,8,2,8,4,0,0,0,0,0,0,0,0.1,0.8
150,Tony Brooks-James,PIT,RB,3,8,7,0.9,0,0,0,0,0,0,0,0.2,0.7
151,De'Lance Turner,MIA,RB,8,4,6,1.5,0,0,0,0,0,0,0,0.1,0.6
152,Alfred Morris,ARI,RB,1,1,4,4,0,0,0,0,0,0,0,0.4,0.4
153,James Develin,NE,FB,2,2,3,1.5,0,0,0,0,0,0,0,0.2,0.3
154,Chandler Cox,MIA,FB,13,0,0,0,0,0,0,0,0,0,0,0,0
154,David Fluellen,TEN,RB,2,0,0,0,0,0,0,0,0,0,0,0,0
154,Trenton Cannon,NYJ,RB,4,0,0,0,0,0,0,0,0,0,0,0,0
154,Jamize Olawale,DAL,FB,16,0,0,0,0,2,0,0,0,0,0,0,0
154,Trayveon Williams,CIN,RB,11,0,0,0,0,0,0,0,0,0,0,0,0
154,Rod Smith,LV,RB,6,0,0,0,0,0,0,0,0,0,0,0,0
154,Austin Walter IR,NYG,RB,1,0,0,0,0,0,0,0,0,0,0,0,0
154,D.J. Foster,ARI,RB,1,0,0,0,0,0,0,0,0,0,0,0,0
154,Michael Burton,WAS,FB,10,0,0,0,0,1,0,0,0,0,0,0,0
154,Craig Reynolds,WAS,RB,2,0,0,0,0,0,0,0,0,0,0,0,0
154,Jeremy McNichols,JAX,RB,1,0,0,0,0,0,0,0,0,0,0,0,0
154,Robert Turbin,SEA,RB,1,0,0,0,0,0,0,0,0,0,0,0,0
166,Corey Clement,PHI,RB,4,0,0,0,0,0,0,0,0,2,2,-1,-4
,,,,,,,,,,,,,,,,
,,,,,,,,,,,,,,,,
2020,,,,,,,,,,,,,,,,
,,,,,,,,,,,,,,,,
1,Alvin Kamara SUS,NO,RB,15,187,932,5,16,107,83,756,5,1,0,25.2,377.8
2,Dalvin Cook,MIN,RB,14,312,1557,5,16,54,44,361,1,5,3,24.1,337.8
3,Derrick Henry,TEN,RB,16,378,2027,5.4,17,31,19,114,0,3,2,20.8,333.1
4,David Montgomery,CHI,RB,15,247,1070,4.3,8,68,54,438,2,1,1,17.7,264.8
5,Aaron Jones,GB,RB,14,201,1104,5.5,9,63,47,355,2,2,0,18.5,258.9
6,Jonathan Taylor PUP,IND,RB,15,232,1169,5,11,39,36,299,1,1,1,16.9,252.8
7,James Robinson,JAX,RB,14,240,1070,4.5,7,60,49,344,3,3,1,17.9,250.4
8,Josh Jacobs O,LV,RB,15,273,1065,3.9,12,45,33,238,0,2,2,15.4,231.3
9,Ezekiel Elliott,DAL,RB,15,244,979,4,6,71,52,338,2,6,5,14.9,223.7
10,Kareem Hunt,CLE,RB,16,198,841,4.2,6,51,38,304,5,2,0,13.7,218.5
11,Nick Chubb,CLE,RB,12,190,1067,5.6,12,18,16,150,0,1,1,17.3,207.7
12,Mike Davis,CAR,RB,15,165,642,3.9,6,70,59,373,2,1,1,13.8,206.5
13,Antonio Gibson,WAS,RB,14,170,795,4.7,11,44,36,247,0,2,2,14.4,202.2
14,Melvin Gordon III,DEN,RB,15,215,986,4.6,9,44,32,158,1,4,4,13.2,198.4
15,Nyheim Hines,IND,RB,16,89,380,4.3,3,76,63,482,4,0,0,12.1,193.2
16,Kenyan Drake,ARI,RB,15,239,955,4,10,31,25,137,0,3,1,12.8,192.2
17,J.D. McKissic,WAS,RB,16,85,365,4.3,1,110,80,589,2,3,1,12,191.4
18,D'Andre Swift,DET,RB,13,114,521,4.6,8,57,46,357,2,3,2,14.6,189.8
19,Chris Carson,SEA,RB,12,141,681,4.8,5,46,37,287,4,1,0,15.6,187.8
20,Ronald Jones SUS,TB,RB,14,192,978,5.1,7,42,28,165,1,2,2,13.3,186.3
21,David Johnson,HOU,RB,12,147,691,4.7,6,46,33,314,2,2,1,15,179.5
22,Clyde Edwards-Helaire,KC,RB,13,181,803,4.4,4,54,36,297,1,0,0,13.5,176
23,Miles Sanders,PHI,RB,12,164,867,5.3,6,52,28,197,0,4,2,14.2,170.4
24,J.K. Dobbins,BAL,RB,15,134,805,6,9,24,18,120,0,2,0,11.2,168.5
25,Chase Edmonds,ARI,RB,16,97,448,4.6,1,67,53,402,4,2,0,10.5,168
26,Austin Ekeler,LAC,RB,10,116,530,4.6,1,65,54,403,2,1,0,16.5,165.3
27,James Conner,PIT,RB,13,169,721,4.3,6,43,35,215,0,2,0,12.7,164.6
28,Myles Gaskin,MIA,RB,10,142,584,4.1,3,47,41,388,2,2,2,16.4,164.2
29,Todd Gurley II,ATL,RB,15,195,678,3.5,9,34,25,164,0,2,0,10.9,163.2
30,Giovani Bernard,CIN,RB,16,124,416,3.4,3,59,47,355,3,1,1,9.9,158.1
31,Devin Singletary,BUF,RB,16,156,687,4.4,2,50,38,269,0,1,1,9,143.6
32,Jeff Wilson Jr.,SF,RB,11,126,600,4.8,7,28,13,133,3,2,2,12.9,142.3
33,Wayne Gallman,NYG,RB,15,147,682,4.6,6,27,21,114,0,1,0,9.1,136.6
34,Latavius Murray,NO,RB,15,146,656,4.5,4,26,23,176,1,1,0,9.1,136.2
35,Leonard Fournette,TB,RB,13,97,367,3.8,6,47,36,233,0,0,0,10.2,132
36,Darrell Henderson Jr.,LAR,RB,15,138,624,4.5,5,24,16,159,1,0,0,8.7,130.3
37,Gus Edwards,BAL,RB,16,144,723,5,6,13,9,129,0,1,1,8,128.2
38,Jamaal Williams,GB,RB,14,119,505,4.2,2,35,31,236,1,0,0,9.1,127.1
39,Jerick McKinnon,SF,RB,16,81,319,3.9,5,46,33,253,1,0,0,7.9,126.2
40,Adrian Peterson,DET,RB,16,156,604,3.9,7,18,12,101,0,0,0,7.8,124.5
41,Tony Pollard,DAL,RB,16,101,435,4.3,4,40,28,192,1,0,0,7.5,120.7
42,James White,NE,RB,14,35,121,3.5,2,62,49,375,1,1,0,8.3,116.6
43,Malcolm Brown,LAR,RB,16,101,419,4.1,5,33,23,162,0,1,1,6.8,109.1
44,Rex Burkhead,NE,RB,10,67,274,4.1,3,33,25,192,3,0,0,10.8,107.6
45,Cam Akers,LAR,RB,13,145,625,4.3,2,14,11,123,1,1,1,7.8,101.8
46,Zack Moss,BUF,RB,13,112,481,4.3,4,18,14,95,1,0,0,7.8,101.6
47,Frank Gore,NYJ,RB,15,187,653,3.5,2,19,16,89,0,1,1,6.7,100.2
48,Raheem Mostert,SF,RB,8,104,521,5,2,19,16,156,1,1,1,12.5,99.7
49,Joe Mixon,CIN,RB,6,119,428,3.6,3,26,21,138,1,1,1,16.6,99.6
50,Boston Scott,PHI,RB,16,80,374,4.7,1,36,25,212,1,2,0,6,95.6
51,Brian Hill,ATL,RB,16,100,465,4.6,1,30,25,199,0,2,1,6,95.4
52,Kalen Ballage,LAC,RB,11,91,303,3.3,3,37,29,166,0,1,0,8.5,93.9
53,Damien Harris,NE,RB,10,137,691,5,2,7,5,52,0,1,0,9.1,91.3
54,Christian McCaffrey,CAR,RB,3,59,225,3.8,5,19,17,149,1,0,0,30.1,90.4
55,Alexander Mattison,MIN,RB,13,96,434,4.5,2,15,13,125,1,0,0,6.7,86.9
56,Devontae Booker,LV,RB,16,93,423,4.5,3,21,17,84,0,1,0,5.4,85.7
57,Carlos Hyde,SEA,RB,10,81,356,4.4,4,20,16,93,0,1,0,8.5,84.9
58,Duke Johnson,HOU,RB,11,77,235,3.1,1,35,28,249,1,3,2,7.7,84.4
59,Kyle Juszczyk,SF,FB,16,17,64,3.8,2,30,19,202,4,1,0,5.1,81.6
60,Joshua Kelley,LAC,RB,14,111,354,3.2,2,23,23,148,0,2,2,5.8,81.2
61,Sony Michel,NE,RB,9,79,449,5.7,1,9,7,114,1,0,0,8.4,75.3
62,Benny Snell Jr.,PIT,RB,16,111,368,3.3,4,14,10,61,0,2,1,4.7,74.9
63,Le'Veon Bell,KC,RB,11,82,328,4,2,20,16,138,0,1,0,6.8,74.6
64,Kerryon Johnson,DET,RB,16,52,181,3.5,2,26,19,187,1,1,1,4.5,71.8
65,Salvon Ahmed,MIA,RB,6,75,319,4.3,3,14,11,61,0,0,0,11.5,69
66,Phillip Lindsay,DEN,RB,11,118,502,4.3,1,14,7,28,0,0,0,6,66
67,Samaje Perine,CIN,RB,16,63,301,4.8,3,12,11,66,0,0,0,4.1,65.7
68,Justin Jackson,LAC,RB,9,59,270,4.6,0,24,19,173,0,0,0,7.3,65.3
69,Cordarrelle Patterson,CHI,RB,16,64,232,3.6,1,25,21,132,0,0,0,4,63.4
70,Ty Johnson,NYJ,RB,13,54,254,4.7,1,21,16,99,1,0,0,4.9,63.3
71,Jordan Wilkins,IND,RB,15,84,308,3.7,1,16,12,105,0,0,0,4.1,61.3
72,Ito Smith,ATL,RB,14,63,268,4.3,1,26,17,75,0,1,0,4.1,57.3
73,Dion Lewis,NYG,RB,16,29,115,4,2,30,19,127,1,3,2,3.6,57.2
74,DeeJay Dallas,SEA,RB,12,34,108,3.2,2,20,17,111,1,0,0,4.7,56.9
75,Peyton Barber,WAS,RB,16,94,258,2.7,4,7,4,12,0,0,0,3.4,55
76,Darrel Williams,KC,RB,13,39,169,4.3,1,26,18,116,0,0,0,4.2,54.5
77,Mark Ingram II,BAL,RB,11,72,299,4.2,2,8,6,50,0,0,0,4.8,52.9
78,La'Mical Perine,NYJ,RB,10,64,232,3.6,2,15,11,63,0,0,0,5.2,52.5
79,Jalen Richard,LV,RB,13,22,123,5.6,1,23,19,138,0,1,0,3.9,51.1
80,Jeremy McNichols,TEN,RB,16,47,204,4.3,1,17,12,55,0,0,0,2.7,43.9
81,Chris Thompson,JAX,RB,8,7,20,2.9,0,23,20,146,1,0,0,5.3,42.6
82,Matt Breida,MIA,RB,12,59,254,4.3,0,10,9,96,0,2,1,3.5,42
83,Alfred Morris,NYG,RB,9,55,238,4.3,1,4,3,19,1,0,0,4.5,40.7
84,AJ Dillon,GB,RB,11,46,242,5.3,2,2,2,21,0,0,0,3.7,40.3
85,Royce Freeman,DEN,RB,16,35,170,4.9,0,13,12,81,0,0,0,2.3,37.1
86,Josh Adams,NYJ,RB,8,29,157,5.4,2,8,6,29,0,0,0,4.6,36.6
87,Rodney Smith,CAR,RB,7,41,156,3.8,1,11,9,59,0,1,0,5.2,36.5
88,Devonta Freeman,NYG,RB,5,54,172,3.2,1,10,7,58,0,0,0,7.2,36
89,Darwin Thompson,KC,RB,14,27,97,3.6,1,11,7,65,1,2,1,2.4,33.2
90,Travis Homer,SEA,RB,9,25,88,3.5,0,10,9,90,1,0,0,3.6,32.8
91,JaMycal Hasty,SF,RB,8,39,148,3.8,1,8,7,33,0,1,0,3.9,31.1
92,Jordan Howard,PHI,RB,7,35,60,1.7,4,1,1,-3,0,1,0,4.4,30.7
93,Ameer Abdullah,MIN,RB,16,8,42,5.2,0,9,8,58,2,0,0,1.9,30
94,Dare Ogunbowale,JAX,RB,14,32,145,4.5,0,20,10,54,0,0,0,2.1,29.9
95,Alec Ingold,LV,FB,16,3,4,1.3,0,17,12,110,1,0,0,1.8,29.4
96,LeSean McCoy,TB,RB,10,10,31,3.1,0,19,15,101,0,0,0,2.8,28.2
97,Tyler Ervin,GB,RB,8,13,67,5.2,0,15,11,84,0,0,0,3.3,26.1
98,C.J. Ham,MIN,FB,15,5,18,3.6,0,13,8,97,1,0,0,1.7,25.5
99,Malcolm Perry,MIA,RB,9,3,5,1.7,0,13,9,92,1,1,0,2.7,24.7
100,Ke'Shawn Vaughn,TB,RB,10,26,109,4.2,0,10,5,34,1,1,1,2.3,23.3
101,Anthony McFarland Jr.,PIT,RB,11,33,113,3.4,0,10,6,54,0,0,0,2.1,22.7
102,Patrick Laird,MIA,RB,16,13,72,5.5,0,12,10,68,0,1,1,1.4,22
103,Trayveon Williams,CIN,RB,10,26,157,6,0,5,5,30,0,1,1,2.2,21.7
104,Antonio Williams,BUF,RB,1,12,63,5.2,2,1,1,20,0,0,0,21.3,21.3
105,Alex Collins,SEA,RB,3,18,77,4.3,2,2,1,4,0,0,0,7,21.1
106,D'Ernest Johnson,CLE,RB,16,33,166,5,0,4,3,14,0,1,0,1.3,21
106,Corey Clement,PHI,RB,15,21,75,3.6,1,6,5,25,0,0,0,1.4,21
108,Ryan Nall,CHI,RB,16,3,0,0,0,9,8,67,1,0,0,1.3,20.7
109,Gabe Nabers,LAC,FB,16,2,7,3.5,0,7,5,25,2,0,0,1.3,20.2
110,Troymaine Pope,LAC,RB,6,15,76,5.1,0,10,8,42,0,0,0,3.3,19.8
111,Keith Smith,ATL,FB,16,4,7,1.8,0,15,11,59,0,0,0,1.1,17.6
112,Tarik Cohen,CHI,RB,3,14,74,5.3,0,9,6,41,0,0,0,5.8,17.5
112,Jakob Johnson,NE,FB,16,0,0,0,0,9,8,35,1,1,0,1.1,17.5
114,Patrick Ricard,BAL,FB,15,1,-1,-1,0,12,9,45,1,1,1,1.2,17.4
115,DeAndre Washington,MIA,RB,4,31,91,2.9,0,10,5,30,0,0,0,4.3,17.1
116,D'Onta Foreman,TEN,RB,6,22,95,4.3,0,1,1,5,1,0,0,2.8,17
117,Reggie Bonnafon,CAR,RB,2,12,69,5.8,0,2,2,18,1,0,0,8.4,16.7
118,Jaylen Samuels,PIT,RB,14,9,28,3.1,0,14,9,46,0,0,0,1.2,16.4
119,T.J. Yeldon,BUF,RB,3,10,70,7,0,4,1,22,1,1,0,5.4,16.2
120,Darrynton Evans,TEN,RB,5,14,54,3.9,0,4,2,27,1,0,0,3.2,16.1
121,Saquon Barkley,NYG,RB,2,19,34,1.8,0,9,6,60,0,0,0,7.7,15.4
122,Mike Boone,MIN,RB,16,11,59,5.4,1,2,2,10,0,0,0,0.9,14.9
123,Devine Ozigbo,JAX,RB,8,1,1,1,0,9,9,42,0,0,0,1.7,13.3
124,Justice Hill,BAL,RB,12,12,60,5,0,5,5,20,0,0,0,1.1,13
125,Tevin Coleman,SF,RB,8,28,53,1.9,0,5,4,34,0,0,0,1.6,12.7
125,C.J. Prosise,HOU,RB,10,10,19,1.9,0,5,5,18,1,1,1,1.3,12.7
127,J.J. Taylor,NE,RB,6,23,110,4.8,0,2,1,4,0,0,0,2.1,12.4
128,Theo Riddick,LV,RB,4,6,14,2.3,0,6,5,43,0,0,0,2.7,10.7
129,Reggie Gilliam,BUF,FB,14,0,0,0,0,2,2,16,1,0,0,0.7,9.6
130,Artavis Pierce,CHI,RB,5,6,34,5.7,1,0,0,0,0,0,0,1.9,9.4
131,Marlon Mack IR,IND,RB,1,4,26,6.5,0,3,3,30,0,0,0,8.6,8.6
131,Michael Burton,NO,FB,15,7,18,2.6,0,4,4,28,0,0,0,0.6,8.6
133,Anthony Sherman,KC,FB,13,3,8,2.7,0,2,1,5,1,0,0,0.6,8.3
134,Jonathan Ward,ARI,RB,14,0,0,0,0,1,1,11,1,0,0,0.6,8.1
135,Trenton Cannon,CAR,RB,14,10,33,3.3,0,3,3,16,0,0,0,0.6,7.9
135,Khari Blasingame,TEN,FB,15,0,0,0,0,5,4,39,0,0,0,0.5,7.9
137,Jason Cabinda,DET,FB,16,1,0,0,0,3,2,8,0,0,0,0.5,7.8
138,Buddy Howell,HOU,RB,14,16,64,4,0,2,1,3,0,0,0,0.6,7.7
138,Alex Armah,CAR,RB,16,6,9,1.5,0,9,5,18,0,0,0,0.5,7.7
140,Dontrell Hilliard,HOU,RB,7,9,48,5.3,0,1,1,2,0,0,0,0.9,6
141,Elijhaa Penny,NYG,RB,14,6,15,2.5,0,3,2,20,0,0,0,0.4,5.5
142,Jonathan Williams,DET,RB,5,1,5,5,0,4,4,21,0,1,1,0.9,4.6
143,Austin Walter IR,SF,RB,4,1,3,3,0,1,1,27,0,0,0,1,4
144,Andy Janovich,CLE,FB,14,2,4,2,0,5,2,13,0,0,0,0.3,3.7
145,Rashaad Penny,SEA,RB,3,11,34,3.1,0,0,0,0,0,0,0,1.1,3.4
146,Bo Scarbrough,SEA,RB,1,6,31,5.2,0,0,0,0,0,0,0,3.1,3.1
147,Jason Huntley,PHI,RB,5,5,19,3.8,0,2,1,0,0,0,0,0.6,2.9
147,Chandler Cox,MIA,FB,8,0,0,0,0,2,2,9,0,0,0,0.4,2.9
149,Scottie Phillips,HOU,RB,8,2,9,4.5,0,1,1,7,0,0,0,0.3,2.6
149,Levante Bellamy,DEN,RB,5,4,11,2.8,0,1,1,5,0,0,0,0.5,2.6
149,Lamar Miller,WAS,RB,1,0,0,0,0,2,2,6,0,0,0,2.6,2.6
152,Rico Dowdle,DAL,RB,15,7,24,3.4,0,0,0,0,0,0,0,0.2,2.4
153,D.J. Foster,ARI,RB,10,2,2,1,0,1,1,7,0,0,0,0.2,1.9
154,Craig Reynolds,JAX,RB,2,1,4,4,0,1,1,3,0,0,0,0.8,1.7
155,Dwayne Washington,NO,RB,11,8,15,1.9,0,0,0,0,0,0,0,0.1,1.5
156,Tony Jones Jr.,NO,RB,1,3,13,4.3,0,0,0,0,0,0,0,1.3,1.3
157,Bruce Miller,JAX,FB,8,0,0,0,0,2,1,2,0,0,0,0.2,1.2
158,Senorise Perry,TEN,RB,7,2,9,4.5,0,0,0,0,0,0,0,0.1,0.9
159,Dexter Williams,GB,RB,3,2,8,4,0,0,0,0,0,0,0,0.3,0.8
160,John Lovett,GB,FB,8,3,6,2,0,0,0,0,0,0,0,0.1,0.6
161,Tony Brooks-James,ATL,RB,1,3,4,1.3,0,0,0,0,0,0,0,0.4,0.4
162,Qadree Ollison,ATL,RB,3,1,3,3,0,0,0,0,0,0,0,0.1,0.3
163,Nathan Cottrell,JAX,RB,8,0,0,0,0,0,0,0,0,0,0,0,0
163,Taiwan Jones,BUF,RB,13,0,0,0,0,2,0,0,0,0,0,0,0
163,Xavier Jones,LAR,RB,13,0,0,0,0,0,0,0,0,0,0,0,0
163,Raymond Calais,LAR,RB,4,0,0,0,0,0,0,0,0,0,0,0,0
163,Derek Watt,PIT,FB,12,0,0,0,0,0,0,0,0,0,0,0,0
163,Andrew Beck,DEN,FB,10,0,0,0,0,0,0,0,0,0,0,0,0
163,Darius Bradwell,LAC,RB,2,0,0,0,0,0,0,0,0,0,0,0,0
163,Kenjon Barner,TB,RB,6,0,0,0,0,1,0,0,0,0,0,0,0
163,Trey Edmunds,PIT,RB,4,0,0,0,0,0,0,0,0,0,0,0,0
163,Jeremy Cox,DEN,RB,7,0,0,0,0,0,0,0,0,0,0,0,0
163,Sewo Olonilua,DAL,FB,2,0,0,0,0,0,0,0,0,0,0,0,0
163,Chris Myarick,MIA,FB,3,0,0,0,0,0,0,0,0,0,0,0,0
163,Elijah Holyfield,PHI,RB,1,0,0,0,0,0,0,0,0,0,0,0,0
163,Johnny Stanton IV,CLE,FB,1,0,0,0,0,0,0,0,0,0,0,0,0
163,Wendell Smallwood,PIT,RB,1,0,0,0,0,0,0,0,0,0,0,0,0
163,Javon Leake,WAS,RB,1,0,0,0,0,0,0,0,0,0,0,0,0
163,Mike Warren II,WAS,RB,1,0,0,0,0,0,0,0,0,0,0,0,0
163,Jake Bargas,MIN,RB,1,0,0,0,0,0,0,0,0,0,0,0,0
163,Adrian Killins,PHI,RB,1,1,-12,-12,0,1,1,2,0,0,0,0,0
,,,,,,,,,,,,,,,,
,,,,,,,,,,,,,,,,
2021,,,,,,,,,,,,,,,,
,,,,,,,,,,,,,,,,
1,Jonathan Taylor PUP,IND,RB,17,332,1811,5.5,18,51,40,360,2,4,2,21.9,373.1
2,Austin Ekeler,LAC,RB,16,206,911,4.4,12,94,70,647,8,4,3,21.5,343.8
3,Najee Harris,PIT,RB,17,307,1200,3.9,7,94,74,467,3,0,0,17.7,300.7
4,Joe Mixon,CIN,RB,16,292,1205,4.1,13,48,42,314,3,2,1,18,287.9
5,James Conner,ARI,RB,15,202,752,3.7,15,39,37,375,3,2,0,17.2,257.7
6,Leonard Fournette,TB,RB,14,180,812,4.5,8,84,69,454,2,1,0,18.3,255.6
7,Ezekiel Elliott,DAL,RB,17,237,1002,4.2,10,65,47,287,2,1,1,14.8,252.06
8,Alvin Kamara SUS,NO,RB,13,240,898,3.7,4,67,47,439,5,0,0,18.1,234.7
9,Cordarrelle Patterson,ATL,RB,16,153,618,4,6,69,52,548,5,2,0,14.7,234.6
10,Antonio Gibson,WAS,RB,16,258,1037,4,7,52,42,294,3,6,4,14.3,229.1
11,Aaron Jones,GB,RB,15,171,799,4.7,4,65,52,391,6,2,1,15.3,229
12,Josh Jacobs O,LV,RB,15,217,872,4,9,64,54,348,0,2,2,15.1,226
13,Nick Chubb,CLE,RB,14,228,1259,5.5,8,25,20,174,1,2,1,15.4,215.3
14,Damien Harris,NE,RB,15,202,929,4.6,15,21,18,132,0,2,2,14,210.1
15,D'Andre Swift,DET,RB,13,151,617,4.1,5,78,62,452,2,2,1,16.1,208.9
16,Dalvin Cook,MIN,RB,13,249,1159,4.7,6,49,34,224,0,3,2,15.9,206.3
17,Javonte Williams,DEN,RB,17,203,903,4.4,4,53,43,316,3,2,1,12.1,204.9
18,Devin Singletary,BUF,RB,17,188,870,4.6,7,50,40,228,1,5,0,11.6,197.8
19,Darrel Williams,KC,RB,17,144,558,3.9,6,57,47,452,2,0,0,11.5,196
20,Melvin Gordon III,DEN,RB,16,203,918,4.5,8,38,28,213,2,3,3,12.2,195.1
21,David Montgomery,CHI,RB,13,225,849,3.8,7,51,42,301,0,1,1,15,195
22,Derrick Henry,TEN,RB,8,219,937,4.3,10,20,18,154,0,1,0,24.2,193.3
23,AJ Dillon,GB,RB,17,187,803,4.3,5,37,34,313,2,2,1,10.9,185.6
24,James Robinson,JAX,RB,14,164,767,4.7,8,46,31,222,0,4,2,12.4,173.9
25,Myles Gaskin,MIA,RB,17,173,612,3.5,3,63,49,234,4,2,1,10.2,173.6
26,Elijah Mitchell,SF,RB,11,207,963,4.7,5,20,19,137,1,0,0,15,165
27,Darrell Henderson Jr.,LAR,RB,12,149,688,4.6,5,40,29,176,3,0,0,13.6,163.4
28,Tony Pollard,DAL,RB,15,130,719,5.5,2,46,39,337,0,2,0,10.4,156.6
29,Michael Carter,NYJ,RB,14,147,639,4.3,4,55,36,325,0,1,1,11,154.4
30,Saquon Barkley,NYG,RB,13,162,593,3.7,2,57,41,263,2,2,1,11.4,148.6
31,Devonta Freeman,BAL,RB,16,133,576,4.3,5,42,34,190,1,0,0,9.2,146.6
32,Sony Michel,LAR,RB,17,208,845,4.1,4,33,21,128,1,1,1,8.6,146.3
33,Devontae Booker,NYG,RB,16,145,593,4.1,2,45,40,268,1,0,0,9,144.1
34,Chase Edmonds,ARI,RB,12,116,592,5.1,2,53,43,311,0,1,1,11.9,143.3
35,Mike Davis,ATL,RB,17,138,503,3.6,3,58,44,259,1,4,3,8.1,138.2
36,Chuba Hubbard,CAR,RB,17,172,612,3.6,5,37,25,174,1,1,1,8.1,137.6
37,J.D. McKissic,WAS,RB,11,48,212,4.4,2,53,43,397,2,0,0,11.6,127.9
38,Christian McCaffrey,CAR,RB,7,99,442,4.5,1,41,37,343,1,1,0,18.2,127.5
39,Alexander Mattison,MIN,RB,16,134,491,3.7,3,39,32,228,1,1,1,7.9,125.9
40,Brandon Bolden,NE,RB,17,44,226,5.1,1,49,41,405,2,1,0,7.3,124.1
41,Kenneth Gainwell,PHI,RB,16,68,291,4.3,5,50,33,253,1,2,1,7.7,123.4
42,Rashaad Penny,SEA,RB,10,119,749,6.3,6,8,6,48,0,0,0,12.2,121.7
43,Jamaal Williams,DET,RB,13,153,601,3.9,3,28,26,157,0,1,0,9.2,119.8
44,Clyde Edwards-Helaire,KC,RB,10,119,517,4.3,4,23,19,129,2,2,2,11.8,117.6
45,Miles Sanders,PHI,RB,12,137,754,5.5,0,34,26,158,0,1,1,9.8,117.2
46,Ty Johnson,NYJ,RB,16,61,238,3.9,2,55,34,372,2,2,1,7.3,117
47,Rhamondre Stevenson,NE,RB,12,133,606,4.6,5,18,14,123,0,2,1,9.6,114.9
48,Nyheim Hines,IND,RB,17,56,276,4.9,2,57,40,310,1,3,2,6.6,112.6
49,Kareem Hunt,CLE,RB,8,78,386,4.9,5,27,22,174,0,0,0,13.8,110
50,Mark Ingram II,NO,RB,14,160,554,3.5,2,35,27,162,0,1,1,7.8,108.6
,,,,,,,,,,,,,,,,
2022,,,,,,,,,,,,,,,,
,,,,,,,,,,,,,,,,
1,Austin Ekeler,LAC,RB,17,204,915,4.5,13,127,107,722,5,5,3,21.9,372.7
2,Christian McCaffrey,SF,RB,17,244,1139,4.7,8,108,85,741,5,1,0,21,356.36
3,Josh Jacobs O,LV,RB,17,340,1653,4.9,12,64,53,400,0,3,1,19.3,328.3
4,Derrick Henry,TEN,RB,16,349,1538,4.4,13,41,33,398,0,6,3,18.9,302.76
5,Saquon Barkley,NYG,RB,16,295,1312,4.4,10,76,57,338,0,1,0,17.8,284
6,Nick Chubb,CLE,RB,17,302,1525,5,12,37,27,239,1,1,1,16.6,281.4
7,Rhamondre Stevenson,NE,RB,17,210,1040,5,5,88,69,421,1,4,1,14.7,249.1
8,Tony Pollard,DAL,RB,16,193,1007,5.2,9,55,39,371,3,0,0,15.6,248.8
9,Aaron Jones,GB,RB,17,213,1121,5.3,2,72,59,395,5,5,3,14.6,248.6
10,Joe Mixon,CIN,RB,14,210,814,3.9,7,75,60,441,2,0,0,17.1,239.5
11,Dalvin Cook,MIN,RB,17,264,1173,4.4,8,56,39,295,2,4,4,14,237.8
12,Leonard Fournette,TB,RB,16,189,668,3.5,3,83,73,523,3,0,0,14.1,226.1
13,Jamaal Williams,DET,RB,17,262,1066,4.1,17,16,12,73,0,3,2,13.3,225.9
14,Najee Harris,PIT,RB,17,272,1034,3.8,7,53,41,229,3,3,2,13.1,223.46
15,Miles Sanders,PHI,RB,17,259,1269,4.9,11,26,20,78,0,2,2,12.7,216.7
16,Alvin Kamara SUS,NO,RB,15,223,897,4,2,77,57,490,2,4,4,14.1,211.7
17,Travis Etienne Jr.,JAX,RB,17,220,1125,5.1,5,45,35,316,0,5,3,12.1,205.1
18,Kenneth Walker III,SEA,RB,15,228,1050,4.6,9,35,27,165,0,0,0,13.5,202.5
19,James Conner,ARI,RB,13,183,782,4.3,7,58,46,300,1,3,1,15.4,200.2
20,Jerick McKinnon,KC,RB,17,72,291,4,1,71,56,512,9,1,1,11.5,196.3
21,D'Andre Swift,DET,RB,14,99,542,5.5,5,70,48,389,3,1,0,13.6,191.1
22,Ezekiel Elliott,DAL,RB,15,231,876,3.8,12,23,17,92,0,0,0,12.4,185.8
23,Devin Singletary,BUF,RB,16,177,819,4.6,5,52,38,280,1,3,3,11.1,177.9
24,David Montgomery,CHI,RB,16,201,801,4,5,40,34,316,1,2,2,11.1,177.7
25,Raheem Mostert,MIA,RB,16,181,891,4.9,3,42,31,202,2,2,1,10.5,168.3
26,AJ Dillon,GB,RB,17,186,770,4.1,7,43,28,206,0,1,0,9.9,167.6
27,Dameon Pierce,HOU,RB,13,220,939,4.3,4,39,30,165,1,4,2,12.8,166.4
28,Antonio Gibson,WAS,RB,15,149,546,3.7,3,58,46,353,2,2,0,11.1,165.9
29,Tyler Allgeier,ATL,RB,16,210,1035,4.9,3,17,16,139,1,0,0,10,159.4
30,Jeff Wilson Jr.,MIA,RB,16,176,860,4.9,5,37,22,185,1,3,2,9.9,158.5
31,Latavius Murray,DEN,RB,13,171,760,4.4,6,35,27,132,0,1,0,11.9,154.2
32,Cordarrelle Patterson,ATL,RB,13,144,695,4.8,8,31,21,122,0,1,1,11.4,148.7
33,Jonathan Taylor PUP,IND,RB,11,192,861,4.5,4,40,28,143,0,3,3,13.3,146.4
34,Samaje Perine,CIN,RB,16,95,394,4.1,2,51,38,287,4,0,0,8.9,142.1
35,Cam Akers,LAR,RB,15,188,786,4.2,7,18,13,117,0,2,2,9.4,141.3
36,Rachaad White,TB,RB,17,129,481,3.7,1,58,50,290,2,3,3,8.2,139.1
37,Isiah Pacheco,KC,RB,17,170,830,4.9,5,14,13,130,0,4,2,7.9,135
38,D'Onta Foreman,CAR,RB,17,203,914,4.5,5,9,5,26,0,1,0,7.7,131
39,Kareem Hunt,CLE,RB,17,123,468,3.8,3,44,35,210,1,1,0,7.5,126.8
40,Michael Carter,NYJ,RB,16,114,402,3.5,3,54,41,288,0,2,1,7.9,126
41,Khalil Herbert,CHI,RB,13,129,731,5.7,4,12,9,57,1,0,0,9.1,117.8
42,Breece Hall,NYJ,RB,7,80,463,5.8,4,31,19,218,1,1,1,16.4,115.1
43,Brian Robinson,WAS,RB,12,205,797,3.9,2,12,9,60,1,2,0,9.4,112.7
44,James Cook,BUF,RB,16,89,507,5.7,2,32,21,180,1,1,1,6.6,105.7
45,Kenyan Drake,BAL,RB,12,109,482,4.4,4,26,17,89,1,1,0,8.7,104.1
46,Clyde Edwards-Helaire,KC,RB,10,71,302,4.3,3,23,17,151,3,0,0,9.8,98.3
47,Jaylen Warren,PIT,RB,16,77,379,4.9,1,33,28,214,0,1,0,5.8,93.3
48,Damien Harris,NE,RB,13,106,462,4.4,3,23,17,97,0,0,0,7,90.9
49,Eno Benjamin IR,NO,RB,15,77,313,4.1,2,34,25,193,0,1,0,6,89.6
50,James Robinson,NYJ,RB,11,110,425,3.9,3,14,11,51,2,1,0,8.1,88.6
51,Alexander Mattison,MIN,RB,17,74,283,3.8,5,18,15,91,1,0,0,5.2,88.4
52,Kenneth Gainwell,PHI,RB,17,53,240,4.5,4,29,23,169,0,0,0,5.2,87.9
53,Chuba Hubbard,CAR,RB,15,95,466,4.9,2,17,14,171,0,4,1,5.8,87.7
54,Melvin Gordon III,DEN,RB,10,90,318,3.5,2,32,25,223,0,5,2,8.7,87.1
55,Deon Jackson,IND,RB,16,68,236,3.5,1,34,30,209,1,1,1,5.3,84.5
56,J.K. Dobbins,BAL,RB,8,92,520,5.7,2,8,7,42,1,0,0,10.2,81.2
57,Rex Burkhead,HOU,RB,16,26,80,3.1,1,51,37,204,1,0,0,4.8,77.4
58,Dontrell Hilliard,TEN,RB,12,22,145,6.6,0,26,21,177,4,0,0,6.4,77.2
59,Chase Edmonds,DEN,RB,13,68,245,3.6,2,24,16,157,1,0,0,5.7,74.2
60,Darrell Henderson Jr.,JAX,RB,10,70,283,4,3,22,17,102,0,0,0,7.4,73.5
61,JaMycal Hasty,JAX,RB,17,46,194,4.2,2,26,20,126,1,0,0,4.1,70
62,Nyheim Hines,BUF,RB,16,24,33,1.4,1,37,30,241,1,2,0,4.3,69.4
63,Joshua Kelley,LAC,RB,13,69,287,4.2,2,25,14,101,0,0,0,5,64.8
64,Zack Moss,IND,RB,13,93,456,4.9,1,13,11,39,0,1,1,5,64.5
65,Matt Breida,NYG,RB,17,54,220,4.1,1,25,20,118,0,0,0,3.5,59.8
66,Gus Edwards,BAL,RB,9,87,433,5,3,2,0,0,0,1,1,6.6,59.3
67,Zonovan Knight,NYJ,RB,7,85,300,3.5,1,14,13,100,0,2,0,8.4,59
68,J.D. McKissic,WAS,RB,8,22,95,4.3,0,40,27,173,0,0,0,7,55.8
69,Ameer Abdullah,LV,RB,17,4,20,5,0,32,25,211,1,2,0,3.2,54.1
70,Kyle Juszczyk,SF,FB,16,7,26,3.7,1,23,19,200,1,0,0,3.4,53.6
71,Rashaad Penny,SEA,RB,5,57,346,6.1,2,5,4,16,0,1,0,10.4,52.2
72,Justin Jackson,DET,RB,16,42,170,4,1,19,12,101,1,1,0,3.2,51.1
73,Mark Ingram II,NO,RB,10,62,233,3.8,1,18,16,68,0,2,2,5,50.1
74,Dare Ogunbowale,HOU,RB,17,42,123,2.9,1,26,20,104,0,0,0,2.9,48.7
75,Boston Scott,PHI,RB,15,54,217,4,3,6,5,15,0,0,0,3.1,46.2
75,DeeJay Dallas,SEA,RB,15,35,186,5.3,0,19,17,126,0,1,0,3.1,46.2
77,Caleb Huntley,ATL,RB,12,76,366,4.8,1,2,2,3,0,1,0,3.7,44.9
78,Elijah Mitchell,SF,RB,5,45,279,6.2,2,4,3,7,0,0,0,8.7,43.6
79,Travis Homer,SEA,RB,10,19,74,3.9,0,18,16,157,1,1,1,4.3,43.1
80,Raheem Blackshear,CAR,RB,13,23,77,3.3,3,12,10,93,0,1,1,3.3,43
81,Ty Johnson,NYJ,RB,17,30,160,5.3,1,24,12,88,0,0,0,2.5,42.8
82,Justice Hill,BAL,RB,15,49,262,5.3,0,12,12,58,0,2,1,2.8,42
82,Javonte Williams,DEN,RB,4,47,204,4.3,0,22,16,76,0,1,1,10.5,42
84,Marlon Mack IR,DEN,RB,8,16,84,5.2,1,10,8,99,1,0,0,4.8,38.3
84,Alec Ingold,MIA,FB,17,6,8,1.3,1,23,15,105,1,0,0,2.3,38.3
86,Malik Davis,DAL,RB,12,38,161,4.2,1,7,6,63,0,0,0,2.9,34.4
87,Avery Williams IR,ATL,RB,17,22,109,5,1,14,13,61,0,1,1,2,34
88,Jordan Mason,SF,RB,16,43,258,6,1,0,0,0,0,0,0,2,31.8
89,C.J. Ham,MIN,FB,17,4,7,1.8,2,12,10,86,0,0,0,1.8,31.3
90,Craig Reynolds,DET,RB,9,23,102,4.4,0,10,9,116,0,0,0,3.4,30.8
91,Kyren Williams,LAR,RB,10,35,139,4,0,12,9,76,0,0,0,3,30.5
92,Gary Brightwell,NYG,RB,17,31,141,4.5,1,8,5,39,0,1,0,1.7,29
93,Mike Boone,DEN,RB,9,24,102,4.2,0,15,9,96,0,0,0,3.2,28.8
94,Brandon Bolden,LV,RB,16,17,66,3.9,0,9,9,57,1,0,0,1.7,27.3
95,Pierre Strong Jr.,NE,RB,15,10,100,10,1,7,7,42,0,0,0,1.8,27.2
96,Jonathan Williams,WAS,RB,13,37,152,4.1,0,10,7,40,0,0,0,2,26.2
97,Hassan Haskins,TEN,RB,15,25,93,3.7,0,12,11,57,0,0,0,1.7,26
98,Sony Michel,LAC,RB,10,36,106,2.9,0,13,9,53,0,0,0,2.5,24.9
99,Malcolm Brown,LAR,RB,11,18,81,4.5,1,6,5,37,0,0,0,2.1,22.8
100,Tevin Coleman,SF,RB,5,12,26,2.2,1,3,3,44,1,0,0,4.4,22
101,Corey Clement,ARI,RB,9,15,55,3.7,1,7,5,54,0,0,0,2.4,21.9
102,Darrel Williams,ARI,RB,6,21,102,4.9,1,8,4,9,0,0,0,3.5,21.1
103,Reggie Gilliam,BUF,FB,15,0,0,0,0,10,8,69,1,0,0,1.4,20.9
104,Derek Watt,PIT,FB,17,9,21,2.3,1,5,5,11,1,0,0,1.2,20.2
105,Patrick Ricard,BAL,FB,17,7,16,2.3,0,13,11,74,0,0,0,1.2,20
106,Chris Myarick,NYG,FB,16,0,0,0,0,8,7,65,1,0,0,1.2,19.5
107,Royce Freeman,HOU,RB,4,41,117,2.9,0,8,6,33,0,1,1,4.8,19
108,Benny Snell Jr.,PIT,RB,17,20,90,4.5,1,2,2,17,0,0,0,1.1,18.7
109,Zander Horvath,LAC,FB,15,4,8,2,0,8,5,8,2,0,0,1.2,18.6
110,Keaontay Ingram,ARI,RB,12,27,60,2.2,1,5,4,21,0,0,0,1.5,18.1
111,Ronald Jones SUS,KC,RB,6,17,70,4.1,1,1,1,22,0,0,0,2.7,16.2
112,Phillip Lindsay,IND,RB,3,15,49,3.3,0,8,6,19,0,0,0,4.9,14.8
113,Jordan Wilkins,IND,RB,4,13,58,4.5,0,8,6,29,0,0,0,3.7,14.7
114,Salvon Ahmed,MIA,RB,12,12,64,5.3,1,1,1,8,0,0,0,1.2,14.2
115,Chris Evans,CIN,RB,12,0,0,0,0,4,3,38,1,0,0,1.1,12.8
116,Andrew Beck,DEN,FB,13,2,0,0,0,11,5,69,0,0,0,0.9,11.9
117,Kevin Harris,NE,RB,5,18,52,2.9,1,0,0,0,0,0,0,2.2,11.2
118,Darrynton Evans,CHI,RB,6,14,64,4.6,0,1,1,33,0,0,0,1.8,10.7
119,Tony Jones Jr.,SEA,RB,6,10,24,2.4,0,8,5,30,0,0,0,1.7,10.4
120,Snoop Conner,JAX,RB,8,12,42,3.5,1,0,0,0,0,0,0,1.3,10.2
120,Ke'Shawn Vaughn,TB,RB,15,17,53,3.1,0,4,3,19,0,0,0,0.7,10.2
122,Ronnie Rivers,LAR,RB,8,9,21,2.3,0,5,5,29,0,0,0,1.2,10
123,Tyrion Davis-Price,SF,RB,6,34,99,2.9,0,2,0,0,0,0,0,1.6,9.9
124,Tyler Badie,DEN,RB,1,1,0,0,0,1,1,24,1,0,0,9.4,9.4
124,Myles Gaskin,MIA,RB,4,10,26,2.6,0,6,4,28,0,0,0,2.4,9.4
126,David Johnson,NO,RB,5,12,24,2,0,4,4,47,0,1,1,1.8,9.1
127,Isaiah Spiller,LAC,RB,6,18,41,2.3,0,3,3,13,0,0,0,1.4,8.4
128,Julius Chestnut,TEN,RB,6,9,12,1.3,0,3,3,41,0,0,0,1.4,8.3
129,Trayveon Williams,CIN,RB,8,6,30,5,0,3,2,30,0,0,0,1,8
130,Jaret Patterson,WAS,RB,3,17,78,4.6,0,1,0,0,0,0,0,2.6,7.8
131,Spencer Brown,CAR,RB,2,9,43,4.8,0,4,2,10,0,0,0,3.6,7.3
132,Zamir White,LV,RB,14,17,70,4.1,0,0,0,0,0,0,0,0.5,7
133,Troy Hairston IR,HOU,FB,16,0,0,0,0,8,5,19,0,0,0,0.4,6.9
134,Trestan Ebner,CHI,RB,17,24,54,2.2,0,8,2,8,0,2,1,0.4,6.2
135,Anthony McFarland Jr.,PIT,RB,1,6,30,5,0,2,2,11,0,0,0,6.1,6.1
136,Jakob Johnson,LV,FB,17,0,0,0,0,6,5,10,0,0,0,0.4,6
137,Patrick Taylor,GB,RB,14,10,31,3.1,0,1,1,17,0,0,0,0.4,5.8
138,Dwayne Washington,NO,RB,12,11,38,3.5,0,1,1,7,0,1,0,0.5,5.5
138,Kene Nwangwu,MIN,RB,17,9,14,1.6,0,2,2,21,0,0,0,0.3,5.5
140,D'Ernest Johnson,CLE,RB,15,4,17,4.2,0,3,3,7,0,0,0,0.4,5.4
141,Larry Rountree III,LAC,RB,4,13,19,1.5,0,2,2,14,0,0,0,1.3,5.3
142,Jonathan Ward,TEN,RB,8,5,25,5,0,3,2,7,0,0,0,0.6,5.2
143,Adam Prentice,NO,FB,11,4,9,2.2,0,3,3,9,0,1,0,0.4,4.8
144,Giovani Bernard,TB,RB,8,8,28,3.5,0,2,2,-1,0,1,0,0.6,4.7
145,Mike Davis,BAL,RB,8,8,18,2.2,0,2,2,4,0,1,0,0.5,4.2
146,Michael Burton,KC,FB,17,5,7,1.4,0,3,2,11,0,0,0,0.2,3.8
147,J.J. Taylor,NE,RB,1,10,9,0.9,0,1,1,8,0,0,0,2.7,2.7
148,Demetric Felton Jr.,CLE,RB,8,1,-4,-4,0,4,2,8,0,1,0,0.3,2.4
149,Ty Chandler,MIN,RB,3,6,20,3.3,0,0,0,0,0,0,0,0.7,2
149,Keith Smith,ATL,FB,17,1,2,2,0,2,1,8,0,0,0,0.1,2
151,Trey Sermon,PHI,RB,2,2,19,9.5,0,0,0,0,0,0,0,1,1.9
151,Jason Cabinda,DET,FB,8,1,4,4,0,4,1,5,0,0,0,0.2,1.9
153,Devine Ozigbo,DEN,RB,4,3,4,1.3,0,1,1,3,0,0,0,0.4,1.7
153,Godwin Igwebuike,SEA,RB,5,3,4,1.3,0,1,1,3,0,1,0,0.3,1.7
155,Ty'Son Williams,ARI,RB,1,0,0,0,0,1,1,5,0,0,0,1.5,1.5
156,Jerome Ford,CLE,RB,13,8,12,1.5,0,0,0,0,0,0,0,0.1,1.2
157,Reggie Bonnafon,WAS,RB,1,3,8,2.7,0,0,0,0,0,0,0,0.8,0.8
158,Kylin Hill,GB,RB,2,1,7,7,0,0,0,0,0,0,0,0.4,0.7
159,Duke Johnson,BUF,RB,1,2,4,2,0,0,0,0,0,1,0,0.4,0.4
160,Damien Williams,ATL,RB,1,2,2,1,0,0,0,0,0,0,0,0.2,0.2
161,Jordan Howard,NO,RB,2,1,1,1,0,0,0,0,0,0,0,0,0.1
162,Jake Funk,IND,RB,6,0,0,0,0,0,0,0,0,0,0,0,0
162,Khari Blasingame,CHI,FB,16,0,0,0,0,1,0,0,0,0,0,0,0
162,Brittain Brown,LV,RB,6,0,0,0,0,0,0,0,0,0,0,0,0
162,Antonio Williams,NYG,RB,2,0,0,0,0,0,0,0,0,0,0,0,0
162,Trenton Cannon,TEN,RB,2,0,0,0,0,0,0,0,0,0,0,0,0
162,Tory Carter,TEN,FB,9,0,0,0,0,0,0,0,0,0,0,0,0
162,Rico Dowdle,DAL,RB,5,0,0,0,0,0,0,0,0,0,0,0,0
162,D'Vonte Price,IND,RB,1,0,0,0,0,0,0,0,0,0,0,0,0
162,Alex Armah,WAS,RB,3,0,0,0,0,0,0,0,0,0,0,0,0
162,Qadree Ollison,DAL,RB,3,0,0,0,0,0,0,0,0,0,0,0,0
162,John Kelly Jr.,CLE,RB,1,0,0,0,0,0,0,0,0,0,0,0,0
173,Taiwan Jones,BUF,RB,16,0,0,0,0,0,0,0,0,2,1,-0.1,-2