2018,,,,,,,,,,,,,,,,,,,,
,,TEAM,POS,GMS,RECEIVING,,,,,,,,RUSHING,,,,FUMBLES,,PPG,FPTS
RK,NAME,,,,TGTS,REC,PCT,YDS,TD,LNG,Y/T,Y/R,ATT,YDS,AVG,TD,FUM,LST,,
1,Travis Kelce,KC,TE,16,150,103,68.7,1336,10,43,8.9,13,0,0,0,0,2,1,18.4,294.6
2,Zach Ertz,PHI,TE,16,156,116,74.4,1163,8,34,7.5,10,0,0,0,0,1,0,17.5,280.3
3,George Kittle,SF,TE,16,136,88,64.7,1377,5,85,10.1,15.6,1,10,10,0,0,0,16.2,258.7
4,Eric Ebron,IND,TE,16,110,66,60,750,13,53,6.8,11.4,3,-8,-2.7,1,1,1,13.9,222.2
5,Jared Cook,LV,TE,16,101,68,67.3,896,6,45,8.9,13.2,0,0,0,0,0,0,12.1,193.6
6,Austin Hooper,ATL,TE,16,88,71,80.7,660,4,36,7.5,9.3,0,0,0,0,0,0,10.2,163
7,Kyle Rudolph,MIN,TE,16,81,64,79,634,4,44,7.8,9.9,0,0,0,0,0,0,9.5,151.4
8,Trey Burton,CHI,TE,16,77,54,70.1,569,6,47,7.4,10.5,1,2,2,0,1,1,9.2,147.1
9,David Njoku,CLE,TE,16,89,56,62.9,639,4,66,7.2,11.4,0,0,0,0,0,0,9,143.9
10,Vance McDonald,PIT,TE,15,73,50,68.5,610,4,75,8.4,12.2,0,0,0,0,2,1,8.9,133
11,Rob Gronkowski,NE,TE,13,72,47,65.3,682,3,42,9.5,14.5,0,0,0,0,1,1,10.1,131.2
12,Jimmy Graham,GB,TE,16,90,55,61.1,636,2,54,7.1,11.6,0,0,0,0,0,0,8.2,130.6
13,Evan Engram,NYG,TE,11,64,45,70.3,577,3,54,9,12.8,3,36,12,0,0,0,11.5,126.3
14,Devin Funchess,CAR,TE,14,79,44,55.7,549,4,27,6.9,12.5,0,0,0,0,0,0,8.8,122.9
15,O.J. Howard,TB,TE,10,48,34,70.8,565,5,75,11.8,16.6,0,0,0,0,0,0,12,120.5
16,Jordan Reed,WAS,TE,13,84,54,64.3,558,2,34,6.6,10.3,0,0,0,0,1,1,9.2,119.8
17,Chris Herndon,NYJ,TE,14,56,39,69.6,502,4,32,9,12.9,0,0,0,0,2,0,8.1,113.2
18,Mark Andrews,BAL,TE,16,50,34,68,552,3,74,11,16.2,0,0,0,0,0,0,6.7,107.2
19,C.J. Uzomah,CIN,TE,16,64,43,67.2,439,3,29,6.9,10.2,0,0,0,0,0,0,6.6,104.9
20,Cameron Brate,TB,TE,16,49,30,61.2,289,6,21,5.9,9.6,0,0,0,0,1,1,5.8,92.9
21,Dallas Goedert,PHI,TE,16,44,33,75,334,4,32,7.6,10.1,0,0,0,0,0,0,5.6,90.4
22,Benjamin Watson,NO,TE,16,46,35,76.1,400,2,32,8.7,11.4,0,0,0,0,0,0,5.4,87
23,Gerald Everett,LAR,TE,16,51,33,64.7,320,3,40,6.3,9.7,2,16,8,0,0,0,5.4,86.6
24,Jesse James,PIT,TE,16,39,30,76.9,423,2,51,10.8,14.1,0,0,0,0,0,0,5.3,84.3
25,Ian Thomas,CAR,TE,16,49,36,73.5,333,2,31,6.8,9.2,0,0,0,0,0,0,5.1,81.3
26,Greg Olsen,CAR,TE,9,38,27,71.1,291,4,23,7.7,10.8,0,0,0,0,0,0,8.9,80.1
27,Vernon Davis,WAS,TE,14,36,25,69.4,367,2,53,10.2,14.7,0,0,0,0,0,0,5.4,75.7
27,Blake Jarwin,DAL,TE,16,36,27,75,307,3,39,8.5,11.4,0,0,0,0,0,0,4.7,75.7
29,Antonio Gates,LAC,TE,16,46,28,60.9,333,2,27,7.2,11.9,0,0,0,0,1,1,4.7,75.3
30,Ricky Seals-Jones,ARI,TE,15,70,34,48.6,343,1,40,4.9,10.1,0,0,0,0,0,0,5,74.3
31,Nick Vannett,SEA,TE,15,43,29,67.4,269,3,32,6.3,9.3,0,0,0,0,1,0,4.9,73.9
32,Jeff Heuerman,DEN,TE,11,48,31,64.6,281,2,36,5.9,9.1,0,0,0,0,0,0,6.5,71.1
33,Tyler Higbee,LAR,TE,16,34,24,70.6,292,2,36,8.6,12.2,0,0,0,0,1,0,4.1,65.2
34,Jonnu Smith,TEN,TE,13,31,20,64.5,258,3,61,8.3,12.9,0,0,0,0,1,0,4.9,63.8
35,Jordan Matthews,PHI,TE,14,28,20,71.4,300,2,56,10.7,15,0,0,0,0,0,0,4.4,62
36,Jack Doyle,IND,TE,6,33,26,78.8,245,2,20,7.4,9.4,0,0,0,0,1,1,10.1,60.5
37,Rhett Ellison,NYG,TE,14,34,25,73.5,272,1,29,8,10.9,0,0,0,0,0,0,4.3,60.2
38,Geoff Swaim,DAL,TE,9,32,26,81.2,242,1,43,7.6,9.3,0,0,0,0,0,0,6.2,56.2
39,Jason Croom,BUF,TE,15,35,22,62.9,259,1,26,7.4,11.8,0,0,0,1,2,2,3.7,55.9
40,Matt LaCosse,DEN,TE,15,37,24,64.9,250,1,44,6.8,10.4,0,0,0,0,0,0,3.7,55
41,Ryan Griffin,HOU,TE,14,43,24,55.8,305,0,47,7.1,12.7,0,0,0,0,0,0,3.9,54.5
42,Levine Toilolo,DET,TE,16,24,21,87.5,263,1,39,11,12.5,0,0,0,0,0,0,3.3,53.3
43,Anthony Firkser,TEN,TE,10,20,19,95,225,1,28,11.2,11.8,0,0,0,0,0,0,4.8,47.5
44,Demetrius Harris,KC,TE,15,25,12,48,164,3,35,6.6,13.7,0,0,0,0,0,0,3.1,46.4
45,Virgil Green,LAC,TE,16,27,19,70.4,210,1,26,7.8,11.1,0,0,0,0,0,0,2.9,46
46,James O'Shaughnessy,JAX,TE,14,38,24,63.2,214,0,17,5.6,8.9,0,0,0,0,0,0,3.2,45.4
47,Ed Dickson,SEA,TE,10,13,12,92.3,143,3,42,11,11.9,1,9,9,0,0,0,4.5,45.2
48,Luke Stocker,TEN,TE,16,21,15,71.4,165,2,31,7.9,11,1,0,0,0,0,0,2.7,43.5
49,Lance Kendricks,GB,TE,16,25,19,76,170,1,22,6.8,8.9,0,0,0,0,0,0,2.6,42
50,Darren Fells,CLE,TE,16,12,11,91.7,117,3,49,9.8,10.6,0,0,0,0,0,0,2.5,40.7
51,Josh Hill,NO,TE,16,24,16,66.7,185,1,23,7.7,11.6,0,0,0,0,0,0,2.5,40.5
52,Mike Gesicki,MIA,TE,16,32,22,68.8,202,0,27,6.3,9.2,0,0,0,0,1,1,2.5,40.2
53,Jordan Akins,HOU,TE,16,25,17,68,225,0,28,9,13.2,0,0,0,0,0,0,2.5,39.5
54,Tyler Eifert,CIN,TE,4,19,15,78.9,179,1,29,9.4,11.9,0,0,0,0,0,0,9.7,38.9
55,Charles Clay,BUF,TE,13,36,21,58.3,184,0,21,5.1,8.8,0,0,0,0,1,1,2.9,37.4
56,Maxx Williams,BAL,TE,13,17,16,94.1,143,1,25,8.4,8.9,3,8,2.7,0,0,0,2.9,37.1
57,Michael Roberts,DET,TE,8,20,9,45,100,3,29,5,11.1,0,0,0,0,0,0,4.6,37
58,Will Dissly,SEA,TE,4,14,8,57.1,156,2,66,11.1,19.5,0,0,0,0,0,0,8.9,35.6
59,Lee Smith,LV,TE,16,11,10,90.9,73,3,30,6.6,7.3,0,0,0,0,0,0,2.2,35.3
59,Hayden Hurst,BAL,TE,12,23,13,56.5,163,1,32,7.1,12.5,1,0,0,0,0,0,2.9,35.3
61,Erik Swoope,NO,TE,7,10,8,80,87,3,26,8.7,10.9,0,0,0,0,0,0,5,34.7
62,Taysom Hill,NO,TE,16,7,3,42.9,4,0,5,0.6,1.3,37,196,5.3,2,1,1,2.1,33.56
63,Dan Arnold,NO,TE,10,19,12,63.2,150,1,25,7.9,12.5,0,0,0,0,1,0,3.3,33
64,Mo Alie-Cox,IND,TE,9,13,7,53.8,133,2,34,10.2,19,0,0,0,0,0,0,3.6,32.3
65,Jordan Leggett,NYJ,TE,15,25,14,56,114,1,16,4.6,8.1,0,0,0,0,0,0,2.1,31.4
66,Garrett Celek,SF,TE,15,8,5,62.5,90,2,41,11.2,18,0,0,0,0,0,0,1.7,26
66,Austin Seferian-Jenkins,JAX,TE,5,20,11,55,90,1,21,4.5,8.2,0,0,0,0,0,0,5.2,26
68,MyCole Pruitt,TEN,TE,15,11,9,81.8,102,1,27,9.3,11.3,0,0,0,0,0,0,1.7,25.2
69,Logan Paulsen,ATL,TE,15,9,9,100,91,1,19,10.1,10.1,0,0,0,0,0,0,1.6,24.1
70,Scott Simonson,NYG,TE,16,14,9,64.3,86,1,24,6.1,9.6,0,0,0,0,0,0,1.5,23.6
70,Dalton Schultz,DAL,TE,11,17,12,70.6,116,0,17,6.8,9.7,0,0,0,0,0,0,2.1,23.6
72,Nick O'Leary,MIA,TE,10,10,8,80,86,1,19,8.6,10.8,0,0,0,0,0,0,2.3,22.6
73,Luke Willson,DET,TE,14,19,13,68.4,87,0,13,4.6,6.7,0,0,0,0,0,0,1.6,21.7
74,Logan Thomas,BUF,TE,12,17,12,70.6,77,0,24,4.5,6.4,0,0,0,0,0,0,1.7,20.3
75,Derek Carrier,LV,TE,16,12,7,58.3,67,1,23,5.6,9.6,0,0,0,0,0,0,1.2,19.7
76,Niles Paul,JAX,TE,6,13,10,76.9,98,0,22,7.5,9.8,1,-3,-3,0,0,0,3.2,19.5
77,Seth DeValve,CLE,TE,13,7,5,71.4,74,1,26,10.6,14.8,0,0,0,0,0,0,1.4,18.4
78,Robert Tonyan,GB,TE,16,6,4,66.7,77,1,54,12.8,19.2,0,0,0,0,0,0,1.1,17.7
79,Jake Butt,DEN,TE,3,12,8,66.7,85,0,22,7.1,10.6,0,0,0,0,0,0,5.5,16.5
80,Jermaine Gresham,ARI,TE,13,12,9,75,94,0,26,7.8,10.4,0,0,0,0,1,1,1.3,16.4
81,Adam Shaheen,CHI,TE,5,6,5,83.3,48,1,23,8,9.6,0,0,0,0,0,0,3.2,15.8
82,Darren Waller,LV,TE,4,6,6,100,75,0,44,12.5,12.5,1,21,21,0,0,0,3.9,15.6
83,Eric Tomlinson,NYJ,TE,15,14,8,57.1,72,0,24,5.1,9,0,0,0,0,0,0,1,15.2
84,Jeremy Sprinkle,WAS,TE,16,9,5,55.6,41,1,15,4.6,8.2,0,0,0,0,0,0,0.9,15.1
85,Blake Bell,JAX,TE,10,11,8,72.7,67,0,16,6.1,8.4,0,0,0,0,0,0,1.5,14.7
86,AJ Derby,MIA,TE,4,5,3,60,48,1,19,9.6,16,0,0,0,0,0,0,3.4,13.8
87,Chris Manhertz,CAR,TE,16,5,2,40,52,1,50,10.4,26,0,0,0,0,0,0,0.8,13.2
88,Tyler Conklin,MIN,TE,16,7,5,71.4,77,0,33,11,15.4,0,0,0,0,0,0,0.8,12.7
89,Xavier Grimble,PIT,TE,16,8,6,75,86,0,23,10.8,14.3,0,0,0,0,1,1,0.8,12.6
90,David Grinnage,JAX,TE,3,8,6,75,61,0,24,7.6,10.2,0,0,0,0,0,0,4,12.1
91,Antony Auclair,TB,TE,16,8,7,87.5,48,0,12,6,6.9,0,0,0,0,0,0,0.7,11.8
92,Joshua Perkins,PHI,TE,9,11,5,45.5,67,0,30,6.1,13.4,0,0,0,0,0,0,1.3,11.7
93,Durham Smythe,MIA,TE,15,11,6,54.5,50,0,21,4.5,8.3,0,0,0,0,0,0,0.7,11
94,Matt Lengel,CIN,TE,6,8,3,37.5,17,1,9,2.1,5.7,0,0,0,0,0,0,1.8,10.7
95,Eric Saubert,ATL,TE,16,9,5,55.6,48,0,17,5.3,9.6,0,0,0,0,0,0,0.6,9.8
96,Delanie Walker,TEN,TE,1,7,4,57.1,52,0,16,7.4,13,0,0,0,0,0,0,9.2,9.2
96,Jacob Hollister,NE,TE,8,5,4,80,52,0,23,10.4,13,0,0,0,0,0,0,1.2,9.2
98,David Morgan,MIN,TE,11,6,5,83.3,36,0,13,6,7.2,0,0,0,0,0,0,0.8,8.6
99,Brian Parker,DEN,TE,12,10,5,50,33,0,11,3.3,6.6,0,0,0,0,0,0,0.7,8.3
100,Tyler Kroft,CIN,TE,5,6,4,66.7,36,0,16,6,9,0,0,0,0,0,0,1.5,7.6
101,Rico Gathers,DAL,TE,15,7,3,42.9,45,0,32,6.4,15,0,0,0,0,0,0,0.5,7.5
102,Bradley Sowell,CHI,TE,16,2,1,50,2,1,2,1,2,0,0,0,0,0,0,0.4,7.2
102,Ben Braunecker,CHI,TE,15,5,3,60,42,0,20,8.4,14,0,0,0,0,0,0,0.5,7.2
104,Ryan Hewitt,IND,TE,12,2,1,50,1,1,1,0.5,1,0,0,0,0,0,0,0.6,7.1
105,Marcedes Lewis,GB,TE,16,4,3,75,39,0,30,9.8,13,0,0,0,0,0,0,0.4,6.9
106,John Phillips,ARI,TE,8,3,3,100,38,0,24,12.7,12.7,0,0,0,0,0,0,0.8,6.8
107,Jordan Franks,CIN,TE,3,3,2,66.7,37,0,32,12.3,18.5,0,0,0,0,0,0,1.9,5.7
107,Dwayne Allen,NE,TE,13,4,3,75,27,0,21,6.8,9,0,0,0,0,0,0,0.4,5.7
109,Orson Charles,CLE,TE,13,5,3,60,23,0,9,4.6,7.7,0,0,0,0,0,0,0.4,5.3
110,Sean Culkin,LAC,TE,13,1,1,100,24,0,24,24,24,0,0,0,0,0,0,0.3,3.4
110,Ross Dwelley,SF,TE,10,2,2,100,14,0,8,7,7,0,0,0,0,0,0,0.3,3.4
112,Tyrone Swoopes,SEA,TE,1,1,1,100,23,0,23,23,23,0,0,0,0,0,0,3.3,3.3
113,Hakeem Valles,DET,TE,3,3,2,66.7,11,0,6,3.7,5.5,0,0,0,0,0,0,1,3.1
114,Dion Sims,CHI,TE,8,4,2,50,9,0,9,2.2,4.5,0,0,0,0,0,0,0.4,2.9
115,Matt Flanagan,WAS,TE,2,1,1,100,14,0,14,14,14,0,0,0,0,0,0,1.2,2.4
116,Bronson Kaufusi,NYJ,TE,3,0,0,0,0,0,0,0,0,0,0,0,0,0,0,0.7,2
117,Richard Rodgers,PHI,TE,6,1,1,100,7,0,7,7,7,0,0,0,0,0,0,0.3,1.7
118,Johnny Mundt,LAR,TE,10,1,1,100,5,0,5,5,5,0,0,0,0,0,0,0.2,1.5
118,Khari Lee,BUF,TE,2,1,1,100,5,0,5,5,5,0,0,0,0,0,0,0.8,1.5
120,Gabe Holmes,ARI,TE,8,0,0,0,0,0,0,0,0,0,0,0,0,0,0,0,0
120,Cole Wick,SF,TE,5,1,0,0,0,0,0,0,0,0,0,0,0,0,0,0,0
120,Alex Ellis,KC,TE,2,0,0,0,0,0,0,0,0,0,0,0,0,0,0,0,0
120,Mason Schreck,CIN,TE,6,0,0,0,0,0,0,0,0,0,0,0,0,0,0,0,0
120,Darrell Daniels,ARI,TE,11,2,0,0,0,0,0,0,0,0,0,0,0,0,0,0,0
120,Daniel Brown,CHI,TE,14,0,0,0,0,0,0,0,0,0,0,0,0,0,0,0,0
120,Nick Deluca,JAX,TE,9,0,0,0,0,0,0,0,0,0,0,0,0,0,0,0,0
120,Deon Yelder,KC,TE,3,0,0,0,0,0,0,0,0,0,0,0,0,0,0,0,0
120,Ben Koyack,JAX,TE,7,0,0,0,0,0,0,0,0,0,0,0,0,0,0,0,0
120,James Looney,GB,TE,3,0,0,0,0,0,0,0,0,0,0,0,0,0,0,0,0
120,Clive Walford,NYJ,TE,1,0,0,0,0,0,0,0,0,0,0,0,0,0,0,0,0
120,Temarrick Hemingway,DEN,TE,5,0,0,0,0,0,0,0,0,0,0,0,0,0,0,0,0
120,Donnie Ernsberger,TB,TE,2,0,0,0,0,0,0,0,0,0,0,0,0,0,0,0,0
120,Jerome Cunningham,DET,TE,1,1,0,0,0,0,0,0,0,0,0,0,0,0,0,0,0
,,,,,,,,,,,,,,,,,,,,
2019,,,,,,,,,,,,,,,,,,,,
1,Travis Kelce,KC,TE,16,136,97,71.3,1229,5,47,9,12.7,1,4,4,1,1,1,15.9,254.3
2,George Kittle,SF,TE,14,107,85,79.4,1053,5,61,9.8,12.4,5,22,4.4,0,1,0,15.9,222.5
3,Darren Waller,LV,TE,16,117,90,76.9,1145,3,75,9.8,12.7,2,5,2.5,0,1,1,13.8,221
4,Zach Ertz,PHI,TE,15,135,88,65.2,916,6,30,6.8,10.4,0,0,0,0,1,1,14.4,215.6
5,Mark Andrews,BAL,TE,15,98,64,65.3,852,10,51,8.7,13.3,0,0,0,0,2,1,13.8,207.2
6,Austin Hooper,ATL,TE,13,97,75,77.3,787,6,35,8.1,10.5,0,0,0,0,0,0,14.7,191.7
7,Jared Cook,NO,TE,14,65,43,66.2,705,9,61,10.8,16.4,0,0,0,0,0,0,12,167.5
8,Tyler Higbee,LAR,TE,15,89,69,77.5,734,3,33,8.2,10.6,0,0,0,0,0,0,10.7,160.4
9,Hunter Henry,LAC,TE,12,76,55,72.4,652,5,30,8.6,11.9,0,0,0,0,1,1,12.5,150.2
10,Dallas Goedert,PHI,TE,15,87,58,66.7,607,5,28,7,10.5,0,0,0,0,2,2,9.6,144.7
11,Jason Witten,DAL,TE,16,83,63,75.9,529,4,33,6.4,8.4,0,0,0,0,1,1,8.7,139.9
12,Mike Gesicki,MIA,TE,16,89,51,57.3,570,5,34,6.4,11.2,0,0,0,0,1,1,8.5,136
13,Greg Olsen,CAR,TE,14,82,52,63.4,597,2,41,7.3,11.5,0,0,0,0,0,0,8.8,123.7
14,Kyle Rudolph,MIN,TE,16,48,39,81.2,367,6,32,7.6,9.4,0,0,0,0,0,0,7.1,113.7
15,Jack Doyle,IND,TE,16,72,43,59.7,448,4,23,6.2,10.4,0,0,0,0,1,0,7,111.8
16,Noah Fant,DEN,TE,16,66,40,60.6,562,3,75,8.5,14,3,-12,-4,0,1,1,6.9,111
17,Darren Fells,HOU,TE,16,48,34,70.8,341,7,24,7.1,10,0,0,0,0,0,0,6.9,110.1
18,Evan Engram,NYG,TE,8,68,44,64.7,467,3,75,6.9,10.6,3,7,2.3,0,0,0,13.7,109.4
19,Tyler Eifert,CIN,TE,16,63,43,68.3,436,3,27,6.9,10.1,0,0,0,0,0,0,6.7,106.6
20,Jonnu Smith,TEN,TE,16,44,35,79.5,439,3,57,10,12.5,4,78,19.5,0,0,0,6.5,104.7
21,Taysom Hill,NO,TE,16,22,19,86.4,234,6,45,10.6,12.3,27,156,5.8,1,0,0,6.4,102.2
22,Jimmy Graham,GB,TE,16,60,38,63.3,447,3,48,7.4,11.8,0,0,0,0,1,0,6.3,100.7
23,Ryan Griffin,NYJ,TE,13,41,34,82.9,320,5,45,7.8,9.4,0,0,0,0,0,0,7.5,98
24,Jacob Hollister,SEA,TE,11,59,41,69.5,349,3,22,5.9,8.5,0,0,0,0,0,0,8.5,93.9
25,Cameron Brate,TB,TE,16,56,36,64.3,311,4,37,5.6,8.6,0,0,0,0,0,0,5.7,91.1
26,Jordan Akins,HOU,TE,16,55,36,65.5,418,2,53,7.6,11.6,0,0,0,0,0,0,5.6,89.8
26,Gerald Everett,LAR,TE,13,60,37,61.7,408,2,33,6.8,11,1,0,0,0,0,0,6.9,89.8
28,Eric Ebron,IND,TE,11,52,31,59.6,375,3,48,7.2,12.1,0,0,0,0,0,0,7.9,86.5
29,Blake Jarwin,DAL,TE,16,41,31,75.6,365,3,42,8.9,11.8,0,0,0,0,1,0,5.3,85.5
30,O.J. Howard,TB,TE,14,53,34,64.2,459,1,33,8.7,13.5,0,0,0,0,1,1,6,83.9
31,Vance McDonald,PIT,TE,14,55,38,69.1,273,3,22,5,7.2,1,2,2,0,1,0,6,83.5
32,T.J. Hockenson,DET,TE,12,59,32,54.2,367,2,39,6.2,11.5,0,0,0,0,0,0,6.7,80.7
33,Dawson Knox,BUF,TE,15,50,28,56,388,2,49,7.8,13.9,1,9,9,0,0,0,5.3,79.7
34,Irv Smith Jr.,MIN,TE,16,47,36,76.6,311,2,29,6.6,8.6,0,0,0,0,1,0,4.9,79.1
35,Hayden Hurst,BAL,TE,16,39,30,76.9,349,2,61,8.9,11.6,0,0,0,0,0,0,4.8,76.9
36,Kaden Smith,NYG,TE,9,42,31,73.8,268,3,32,6.4,8.6,0,0,0,0,2,0,8.4,75.8
37,Will Dissly,SEA,TE,6,27,23,85.2,262,4,38,9.7,11.4,1,7,7,0,1,0,12.3,73.9
38,Foster Moreau,LV,TE,13,25,21,84,174,5,23,7,8.3,0,0,0,0,0,0,5.3,68.4
39,Josh Hill,NO,TE,16,35,25,71.4,226,3,29,6.5,9,0,0,0,0,0,0,4.1,65.6
40,C.J. Uzomah,CIN,TE,16,40,27,67.5,242,2,36,6,9,0,0,0,0,0,0,4,63.2
41,Ricky Seals-Jones,CLE,TE,14,22,14,63.6,229,4,59,10.4,16.4,0,0,0,0,1,1,4.2,58.9
42,Jeremy Sprinkle,WAS,TE,16,40,26,65,241,1,23,6,9.3,0,0,0,0,1,0,3.5,56.1
43,Delanie Walker,TEN,TE,7,31,21,67.7,215,2,29,6.9,10.2,0,0,0,0,1,0,7.8,54.5
44,Demetrius Harris,CLE,TE,15,27,15,55.6,149,3,23,5.5,9.9,0,0,0,0,0,0,3.3,49.9
45,Charles Clay,ARI,TE,15,24,18,75,237,1,47,9.9,13.2,0,0,0,0,0,0,3.2,47.7
46,James O'Shaughnessy,JAX,TE,5,20,14,70,153,2,35,7.6,10.9,0,0,0,0,0,0,8.3,41.3
47,Maxx Williams,ARI,TE,16,18,15,83.3,202,1,28,11.2,13.5,0,0,0,0,0,0,2.6,41.2
48,Rhett Ellison,NYG,TE,10,28,18,64.3,167,1,31,6,9.3,0,0,0,0,0,0,4.1,40.7
49,Anthony Firkser,TEN,TE,15,24,14,58.3,204,1,39,8.5,14.6,0,0,0,0,0,0,2.7,40.4
50,Logan Thomas,DET,TE,16,28,16,57.1,173,1,17,6.2,10.8,0,0,0,0,0,0,2.5,39.3
51,Marcedes Lewis,GB,TE,16,19,15,78.9,156,1,25,8.2,10.4,0,0,0,0,0,0,2.3,36.6
52,Ross Dwelley,SF,TE,16,22,15,68.2,91,2,25,4.1,6.1,0,0,0,0,0,0,2.3,36.1
53,Ian Thomas,CAR,TE,16,30,16,53.3,136,1,19,4.5,8.5,0,0,0,0,0,0,2.2,35.6
54,Benjamin Watson,NE,TE,10,24,17,70.8,173,0,26,7.2,10.2,0,0,0,0,0,0,3.4,34.3
55,Nick Vannett,PIT,TE,16,22,17,77.3,166,0,18,7.5,9.8,0,0,0,0,0,0,2.1,33.6
56,Dan Arnold,ARI,TE,5,14,8,57.1,127,2,37,9.1,15.9,0,0,0,0,0,0,6.5,32.7
57,Derek Carrier,LV,TE,16,19,13,68.4,108,1,25,5.7,8.3,1,27,27,0,0,0,2,32.5
58,Matt LaCosse,NE,TE,11,19,13,68.4,131,1,24,6.9,10.1,0,0,0,0,0,0,2.9,32.1
59,Jeff Heuerman,DEN,TE,14,20,14,70,114,1,26,5.7,8.1,0,0,0,0,0,0,2.2,31.4
60,Jesse James,DET,TE,16,27,16,59.3,142,0,23,5.3,8.9,0,0,0,0,0,0,1.9,30.2
61,Jaeden Graham,ATL,TE,14,10,9,90,149,1,53,14.9,16.6,0,0,0,0,0,0,2.1,29.9
61,Nick O'Leary,JAX,TE,12,18,13,72.2,109,1,19,6.1,8.4,0,0,0,0,1,0,2.5,29.9
63,Vernon Davis,WAS,TE,4,19,10,52.6,123,1,48,6.5,12.3,0,0,0,0,0,0,7.1,28.3
64,Robert Tonyan,GB,TE,11,15,10,66.7,100,1,28,6.7,10,0,0,0,0,0,0,2.4,26
64,Seth DeValve,JAX,TE,12,18,12,66.7,140,0,20,7.8,11.7,0,0,0,0,0,0,2.2,26
66,Hale Hentges,WAS,TE,11,14,8,57.1,103,1,24,7.4,12.9,0,0,0,0,0,0,2.2,24.3
67,Joshua Perkins,PHI,TE,5,13,9,69.2,87,1,24,6.7,9.7,0,0,0,0,0,0,4.7,23.7
68,Ryan Izzo,NE,TE,6,9,6,66.7,114,1,41,12.7,19,0,0,0,0,0,0,3.9,23.4
69,Virgil Green,LAC,TE,15,13,9,69.2,78,1,15,6,8.7,0,0,0,0,0,0,1.5,22.8
70,Trey Burton,CHI,TE,8,24,14,58.3,84,0,16,3.5,6,0,0,0,0,0,0,2.8,22.4
71,MyCole Pruitt,TEN,TE,16,8,6,75,90,1,42,11.2,15,0,0,0,0,0,0,1.3,21
72,Jesper Horsted,CHI,TE,6,10,8,80,87,1,20,8.7,10.9,0,0,0,0,1,1,3.4,20.7
73,Daniel Brown,NYJ,TE,16,11,7,63.6,72,1,24,6.5,10.3,0,0,0,0,0,0,1.3,20.2
74,Geoff Swaim,JAX,TE,6,17,13,76.5,65,0,9,3.8,5,0,0,0,0,0,0,3.2,19.5
75,Tommy Sweeney,BUF,TE,6,13,8,61.5,114,0,29,8.8,14.2,0,0,0,0,0,0,3.2,19.4
76,Tyler Kroft,BUF,TE,10,14,6,42.9,71,1,20,5.1,11.8,0,0,0,0,0,0,1.9,19.1
77,Ben Braunecker,CHI,TE,11,11,6,54.5,59,1,18,5.4,9.8,0,0,0,0,0,0,1.6,17.9
78,Mo Alie-Cox,IND,TE,16,11,8,72.7,93,0,21,8.5,11.6,0,0,0,0,0,0,1.1,17.3
79,Adam Shaheen,CHI,TE,8,13,9,69.2,74,0,18,5.7,8.2,0,0,0,0,1,1,2,16.4
80,Stephen Carlson,CLE,TE,9,7,5,71.4,51,1,21,7.3,10.2,0,0,0,0,0,0,1.8,16.1
80,J.P. Holtz,CHI,TE,15,8,7,87.5,91,0,30,11.4,13,0,0,0,0,0,0,1.1,16.1
82,Luke Willson,SEA,TE,8,10,8,80,79,0,17,7.9,9.9,0,0,0,0,0,0,2,15.9
83,Troy Fumagalli,DEN,TE,11,9,6,66.7,38,1,9,4.2,6.3,0,0,0,0,0,0,1.4,15.8
84,David Njoku,CLE,TE,4,10,5,50,41,1,18,4.1,8.2,0,0,0,0,0,0,3.8,15.1
85,Blake Bell,KC,TE,15,15,8,53.3,67,0,30,4.5,8.4,0,0,0,0,0,0,1,14.7
86,Tyler Conklin,MIN,TE,15,10,8,80,58,0,20,5.8,7.2,0,0,0,0,0,0,0.9,13.8
87,Durham Smythe,MIA,TE,16,14,7,50,65,0,24,4.6,9.3,0,0,0,0,0,0,0.8,13.5
88,Luke Stocker,ATL,TE,15,14,8,57.1,53,0,18,3.8,6.6,0,0,0,0,1,0,0.9,13.3
89,Lee Smith,BUF,TE,16,5,4,80,31,1,9,6.2,7.8,0,0,0,0,0,0,0.8,13.1
90,Clive Walford,MIA,TE,7,8,4,50,57,0,19,7.1,14.2,0,4,0,0,0,0,1.4,10.1
91,Cethan Carter,CIN,TE,15,3,2,66.7,13,1,8,4.3,6.5,0,0,0,0,0,0,0.6,9.3
92,Deon Yelder,KC,TE,9,4,3,75,50,0,24,12.5,16.7,0,0,0,0,0,0,0.9,8
92,Lance Kendricks,LAC,TE,12,7,3,42.9,50,0,24,7.1,16.7,0,0,0,0,0,0,0.7,8
92,Drew Sample,CIN,TE,9,6,5,83.3,30,0,21,5,6,0,0,0,0,0,0,0.9,8
95,Jordan Matthews,SF,TE,3,12,4,33.3,33,0,10,2.8,8.2,0,0,0,0,0,0,2.4,7.3
96,Ross Travis,NYJ,TE,3,6,4,66.7,51,0,25,8.5,12.8,0,0,0,0,1,1,2.4,7.1
97,Trevon Wesco,NYJ,TE,16,3,2,66.7,47,0,32,15.7,23.5,1,2,2,0,0,0,0.4,6.9
98,Johnny Mundt,LAR,TE,13,7,4,57.1,26,0,9,3.7,6.5,0,0,0,0,0,0,0.5,6.6
99,Devin Funchess,IND,TE,1,5,3,60,32,0,16,6.4,10.7,0,0,0,0,0,0,6.2,6.2
100,Bronson Kaufusi,NYJ,TE,3,0,0,0,0,0,0,0,0,0,0,0,0,0,0,1.8,5.4
101,Pharaoh Brown,CLE,TE,9,3,2,66.7,27,0,18,9,13.5,0,0,0,0,0,0,0.5,4.7
102,Tanner Hudson,TB,TE,9,5,2,40,26,0,14,5.2,13,0,0,0,0,0,0,0.5,4.6
103,Josh Oliver,JAX,TE,4,6,3,50,15,0,6,2.5,5,0,0,0,0,0,0,1.1,4.5
104,Eric Saubert,CHI,TE,2,3,2,66.7,21,0,11,7,10.5,0,0,0,0,0,0,2,4.1
105,Codey McElroy,TB,TE,1,1,1,100,30,0,30,30,30,0,0,0,0,0,0,4,4
106,Isaac Nauta,DET,TE,6,3,2,66.7,13,0,10,4.3,6.5,0,0,0,0,0,0,0.6,3.3
107,Scott Simonson,NYG,TE,5,2,2,100,11,0,10,5.5,5.5,0,0,0,0,0,0,0.6,3.1
108,Levine Toilolo,SF,TE,13,2,2,100,10,0,8,5,5,0,0,0,0,0,0,0.2,3
109,Sean Culkin,LAC,TE,4,2,1,50,12,0,12,6,12,0,0,0,0,0,0,0.6,2.2
110,Chris Manhertz,CAR,TE,15,1,1,100,11,0,11,11,11,0,0,0,0,0,0,0.1,2.1
110,Antony Auclair,TB,TE,8,3,1,33.3,11,0,11,3.7,11,0,0,0,0,0,0,0.3,2.1
112,Ben Koyack,JAX,TE,11,3,1,33.3,9,0,9,3,9,0,0,0,0,0,0,0.2,1.9
113,Chris Herndon,NYJ,TE,1,2,1,50,7,0,7,3.5,7,0,0,0,0,0,0,1.7,1.7
114,Dalton Schultz,DAL,TE,16,2,1,50,6,0,6,3,6,0,0,0,0,0,0,0.1,1.6
115,Tyrone Swoopes,SEA,TE,5,1,1,100,5,0,5,5,5,0,0,0,0,0,0,0.3,1.5
115,Charles Jones,JAX,TE,4,1,1,100,5,0,5,5,5,0,0,0,0,0,0,0.4,1.5
117,Zach Gentry,PIT,TE,4,1,1,100,4,0,4,4,4,0,0,0,0,0,0,0.4,1.4
117,Darrell Daniels,ARI,TE,11,3,1,33.3,4,0,4,1.3,4,0,0,0,0,0,0,0.1,1.4
119,Xavier Grimble,PIT,TE,3,3,1,33.3,3,0,3,1,3,0,0,0,0,0,0,0.4,1.3
120,Eric Tomlinson,LV,TE,8,1,1,100,1,0,1,1,1,0,0,0,0,0,0,0.1,1.1
121,Bradley Sowell,CHI,TE,6,0,0,0,0,0,0,0,0,0,0,0,0,0,0,0,0
121,Brandon Dillon,MIN,TE,1,0,0,0,0,0,0,0,0,0,0,0,0,0,0,0,0
121,Richard Rodgers,PHI,TE,1,0,0,0,0,0,0,0,0,0,0,0,0,0,0,0,0
121,Garrett Celek,SF,TE,5,0,0,0,0,0,0,0,0,0,0,0,0,0,0,0,0
121,Jerome Cunningham,WAS,TE,2,0,0,0,0,0,0,0,0,0,0,0,0,0,0,0,0
121,Garrett Dickerson,NYG,TE,3,0,0,0,0,0,0,0,0,0,0,0,0,0,0,0,0
121,Stephen Anderson,LAC,TE,1,0,0,0,0,0,0,0,0,0,0,0,0,0,0,0,0
121,Alex Ellis,PHI,TE,0,0,0,0,0,0,0,0,0,0,0,0,0,0,0,0,0
121,Evan Baylis,GB,TE,2,0,0,0,0,0,0,0,0,0,0,0,0,0,0,0,0
121,Jace Sternberger,GB,TE,6,1,0,0,0,0,0,0,0,0,0,0,0,0,0,0,0
121,Jason Vander Laan,NO,TE,2,1,0,0,0,0,0,0,0,0,0,0,0,0,0,0,0
121,Carson Meier,ATL,TE,1,0,0,0,0,0,0,0,0,0,0,0,0,0,0,0,0
121,Mason Schreck,CIN,TE,2,0,0,0,0,0,0,0,0,0,0,0,0,0,0,0,0
121,Matt Lengel,IND,TE,1,0,0,0,0,0,0,0,0,0,0,0,0,0,0,0,0
121,Kendall Blanton,LAR,TE,1,0,0,0,0,0,0,0,0,0,0,0,0,0,0,0,0
,,,,,,,,,,,,,,,,,,,,
2020,,,,,,,,,,,,,,,,,,,,
,,,,,,,,,,,,,,,,,,,,
1,Travis Kelce,KC,TE,15,145,105,72.4,1416,11,45,9.8,13.5,0,0,0,0,1,1,20.9,312.76
2,Darren Waller,LV,TE,16,145,107,73.8,1196,9,38,8.2,11.2,0,0,0,0,2,2,17.4,278.6
3,Logan Thomas,WAS,TE,16,110,72,65.5,670,6,30,6.1,9.3,3,5,1.7,0,0,0,11,176.62
4,Robert Tonyan,GB,TE,16,59,52,88.1,586,11,45,9.9,11.3,0,0,0,0,0,0,11,176.6
5,T.J. Hockenson,DET,TE,16,101,67,66.3,723,6,51,7.2,10.8,1,0,0,0,1,1,11,175.3
6,Mark Andrews,BAL,TE,14,88,58,65.9,701,7,39,8,12.1,0,0,0,0,2,0,12.2,170.1
7,Mike Gesicki,MIA,TE,15,85,53,62.4,703,6,70,8.3,13.3,0,0,0,0,0,0,10.6,159.3
8,Taysom Hill,NO,TE,16,13,8,61.5,98,1,21,7.5,12.2,87,457,5.3,8,10,5,9.8,156.62
9,Rob Gronkowski,TB,TE,16,77,45,58.4,623,7,48,8.1,13.8,0,0,0,0,1,0,9.3,149.3
9,Noah Fant,DEN,TE,15,93,62,66.7,673,3,37,7.2,10.9,0,0,0,0,0,0,10,149.3
11,Hayden Hurst,ATL,TE,16,88,56,63.6,571,6,42,6.5,10.2,0,0,0,0,0,0,9.3,149.1
12,Dalton Schultz,DAL,TE,16,89,63,70.8,615,4,28,6.9,9.8,0,0,0,0,1,1,9.2,146.5
13,Hunter Henry,LAC,TE,14,93,60,64.5,613,4,33,6.6,10.2,0,0,0,0,0,0,10.4,145.3
14,Jimmy Graham,CHI,TE,16,76,50,65.8,456,8,30,6,9.1,0,0,0,0,1,0,9,143.6
15,Eric Ebron,PIT,TE,15,91,56,61.5,558,5,27,6.1,10,0,0,0,0,1,1,9.5,141.8
16,Evan Engram,NYG,TE,16,109,63,57.8,654,1,53,6,10.4,6,26,4.3,1,1,1,8.8,141
17,Jonnu Smith,TEN,TE,15,65,41,63.1,448,8,63,6.9,10.9,2,4,2,1,0,0,9.3,140.2
18,Tyler Higbee,LAR,TE,15,60,44,73.3,521,5,44,8.7,11.8,1,1,1,0,0,0,8.5,128.2
19,Jared Cook,NO,TE,15,60,37,61.7,504,7,46,8.4,13.6,0,0,0,0,1,1,8.5,127.4
20,George Kittle,SF,TE,8,63,48,76.2,634,2,44,10.1,13.2,2,17,8.5,0,0,0,15.6,125.1
21,Dallas Goedert,PHI,TE,11,65,46,70.8,524,3,41,8.1,11.4,0,0,0,0,0,0,10.6,116.4
22,Austin Hooper,CLE,TE,13,70,46,65.7,435,4,36,6.2,9.5,0,0,0,0,0,0,8.7,113.5
23,Irv Smith Jr.,MIN,TE,13,43,30,69.8,365,5,36,8.5,12.2,0,0,0,0,0,0,7.6,98.5
24,Dan Arnold,ARI,TE,16,45,31,68.9,438,4,59,9.7,14.1,0,0,0,0,2,1,6,96.8
25,Gerald Everett,LAR,TE,16,62,41,66.1,417,1,40,6.7,10.2,1,2,2,1,1,1,5.8,92.9
26,Jordan Akins,HOU,TE,13,49,37,75.5,403,1,26,8.2,10.9,1,4,4,0,0,0,6.4,83.7
26,Anthony Firkser,TEN,TE,16,53,39,73.6,387,1,45,7.3,9.9,0,0,0,0,0,0,5.2,83.7
28,Trey Burton,IND,TE,13,47,28,59.6,250,3,20,5.3,8.9,2,3,1.5,2,0,0,6.4,83.3
29,Tyler Eifert,JAX,TE,15,60,36,60,349,2,28,5.8,9.7,0,0,0,0,0,0,5.5,82.9
30,Mo Alie-Cox,IND,TE,15,38,31,81.6,394,2,45,10.4,12.7,0,0,0,0,1,1,5.4,80.4
31,Drew Sample,CIN,TE,16,53,40,75.5,349,1,23,6.6,8.7,0,0,0,0,1,1,4.9,78.9
32,Zach Ertz,PHI,TE,11,72,36,50,335,1,42,4.7,9.3,0,0,0,0,0,0,7,77.5
33,Darren Fells,HOU,TE,16,28,21,75,312,4,44,11.1,14.9,0,0,0,0,0,0,4.8,76.2
34,Chris Herndon,NYJ,TE,16,46,31,67.4,287,3,26,6.2,9.3,0,0,0,0,2,2,4.6,73.7
35,Jordan Reed,SF,TE,10,46,26,56.5,231,4,26,5,8.9,0,0,0,0,0,0,7.3,73.1
36,Richard Rodgers,PHI,TE,14,31,24,77.4,345,2,33,11.1,14.4,0,0,0,0,0,0,5,70.5
37,Cameron Brate,TB,TE,16,34,28,82.4,282,2,25,8.3,10.1,0,0,0,0,0,0,4.3,68.2
38,Dawson Knox,BUF,TE,12,44,24,54.5,288,3,36,6.5,12,0,0,0,0,2,2,5.6,66.8
39,Jacob Hollister,SEA,TE,16,40,25,62.5,209,3,20,5.2,8.4,0,0,0,0,0,0,4.1,65.9
40,Kyle Rudolph,MIN,TE,12,37,28,75.7,334,1,25,9,11.9,0,0,0,0,1,1,5.4,65.4
41,Jack Doyle,IND,TE,14,33,23,69.7,251,3,28,7.6,10.9,0,0,0,0,1,1,4.6,64.1
42,Cole Kmet,CHI,TE,16,44,28,63.6,243,2,38,5.5,8.7,1,-3,-3,0,1,1,3.9,62
43,Harrison Bryant,CLE,TE,15,38,24,63.2,238,3,35,6.3,9.9,0,0,0,0,2,2,4.1,61.8
44,Will Dissly,SEA,TE,16,29,24,82.8,251,2,28,8.7,10.5,0,0,0,0,0,0,3.8,61.1
45,Durham Smythe,MIA,TE,15,29,26,89.7,208,2,19,7.2,8,0,0,0,0,0,0,3.9,58.8
46,James O'Shaughnessy,JAX,TE,15,38,28,73.7,262,0,26,6.9,9.4,0,0,0,0,0,0,3.6,54.2
47,Greg Olsen,SEA,TE,11,37,24,64.9,239,1,22,6.5,10,0,0,0,0,0,0,4.9,53.9
48,David Njoku,CLE,TE,13,29,19,65.5,213,2,28,7.3,11.2,0,0,0,0,0,0,4,52.3
49,Ross Dwelley,SF,TE,16,24,19,79.2,245,1,36,10.2,12.9,0,0,0,0,0,0,3.1,49.5
50,Adam Shaheen,MIA,TE,16,22,12,54.5,150,3,43,6.8,12.5,0,0,0,0,0,0,2.8,45
51,Tyler Conklin,MIN,TE,16,26,19,73.1,194,1,30,7.5,10.2,0,0,0,0,1,0,2.8,44.4
52,Donald Parham Jr.,LAC,TE,13,20,10,50,159,3,26,8,15.9,0,0,0,0,0,0,3.4,43.9
53,Pharaoh Brown,HOU,TE,13,16,14,87.5,163,2,29,10.2,11.6,0,0,0,0,0,0,3.3,42.3
54,Tyler Kroft,BUF,TE,10,16,12,75,119,3,38,7.4,9.9,0,0,0,0,0,0,4.2,41.9
55,Ian Thomas,CAR,TE,16,31,20,64.5,145,1,21,4.7,7.2,0,0,0,0,1,0,2.5,40.5
56,Jesse James,DET,TE,16,22,14,63.6,129,2,31,5.9,9.2,0,0,0,0,0,0,2.4,38.9
57,Marcedes Lewis,GB,TE,15,17,10,58.8,107,3,36,6.3,10.7,0,0,0,0,0,0,2.6,38.7
58,Adam Trautman,NO,TE,15,16,15,93.8,171,1,41,10.7,11.4,0,0,0,0,0,0,2.5,38.1
59,O.J. Howard,TB,TE,4,19,11,57.9,146,2,33,7.7,13.3,0,0,0,0,0,0,9.4,37.6
60,Foster Moreau,LV,TE,16,9,7,77.8,140,2,47,15.6,20,0,0,0,0,0,0,2.1,33
61,Jason Witten,LV,TE,16,17,13,76.5,69,2,15,4.1,5.3,0,0,0,0,0,0,2,31.9
62,Ryan Izzo,NE,TE,12,20,13,65,199,0,50,10,15.3,0,0,0,0,1,1,2.6,30.9
63,Nick Vannett,DEN,TE,15,21,14,66.7,95,1,19,4.5,6.8,0,0,0,0,0,0,2,29.5
64,Jace Sternberger,GB,TE,12,15,12,80,114,1,27,7.6,9.5,0,0,0,0,0,0,2.4,29.4
65,Kaden Smith,NYG,TE,15,21,18,85.7,112,0,16,5.3,6.2,0,0,0,0,1,0,1.9,29.2
66,Albert Okwuegbunam,DEN,TE,4,15,11,73.3,121,1,27,8.1,11,0,0,0,0,0,0,7.3,29.1
67,Vance McDonald,PIT,TE,14,20,15,75,99,0,15,5,6.6,0,0,0,0,0,0,1.8,24.9
68,Maxx Williams,ARI,TE,9,10,8,80,102,1,42,10.2,12.8,0,0,0,0,0,0,2.7,24.2
69,Geoff Swaim,TEN,TE,10,12,9,75,83,1,16,6.9,9.2,0,0,0,0,0,0,2.3,23.3
70,Darrell Daniels,ARI,TE,12,11,8,72.7,92,1,31,8.4,11.5,0,0,0,0,0,0,1.9,23.2
71,C.J. Uzomah,CIN,TE,2,11,8,72.7,87,1,23,7.9,10.9,0,0,0,0,0,0,11.4,22.7
72,Blake Bell,DAL,TE,16,15,11,73.3,110,0,24,7.3,10,1,2,2,0,0,0,1.4,22.2
73,Troy Fumagalli,DEN,TE,8,15,8,53.3,80,1,29,5.3,10,0,0,0,0,0,0,2.8,22
74,MyCole Pruitt,TEN,TE,11,8,5,62.5,49,2,22,6.1,9.8,0,0,0,0,0,0,2,21.9
75,Lee Smith,BUF,TE,10,6,4,66.7,35,2,27,5.8,8.8,0,0,0,0,0,0,2,19.5
76,Stephen Anderson,LAC,TE,16,11,8,72.7,106,0,23,9.6,13.2,0,0,0,0,0,0,1.2,18.6
76,Josh Hill,NO,TE,14,10,8,80,46,1,16,4.6,5.8,0,0,0,0,1,0,1.3,18.6
78,Ryan Griffin,NYJ,TE,15,12,9,75,86,0,23,7.2,9.6,0,0,0,0,0,0,1.2,17.6
79,Virgil Green,LAC,TE,6,6,3,50,50,1,26,8.3,16.7,0,0,0,0,0,0,2.3,14
80,Luke Stocker,ATL,TE,16,11,7,63.6,63,0,25,5.7,9,0,0,0,0,0,0,0.8,13.3
81,Devin Asiasi,NE,TE,9,7,2,28.6,39,1,26,5.6,19.5,0,0,0,0,0,0,1.3,11.9
82,Demetrius Harris,CHI,TE,15,14,7,50,45,0,9,3.2,6.4,0,0,0,0,0,0,0.8,11.5
83,Chris Manhertz,CAR,TE,16,8,6,75,52,0,17,6.5,8.7,0,0,0,0,0,0,0.7,11.2
84,Dominique Dafney,GB,TE,5,2,2,100,26,1,13,13,13,0,0,0,0,0,0,2.1,10.6
84,Deon Yelder,KC,TE,14,11,7,63.6,36,0,12,3.3,5.1,0,0,0,0,0,0,0.8,10.6
86,Cethan Carter,CIN,TE,15,7,5,71.4,53,0,24,7.6,10.6,0,0,0,0,0,0,0.7,10.3
86,Nick Keizer,KC,TE,16,9,6,66.7,63,0,22,7,10.5,0,0,0,0,1,1,0.6,10.3
88,Levine Toilolo,NYG,TE,16,6,5,83.3,46,0,14,7.7,9.2,0,0,0,0,0,0,0.6,9.6
89,Johnny Mundt,LAR,TE,16,4,4,100,53,0,34,13.2,13.2,0,0,0,0,0,0,0.6,9.3
90,Juwan Johnson,NO,TE,7,10,4,40,39,0,19,3.9,9.8,0,0,0,0,0,0,1.1,7.9
91,Colin Thompson,CAR,TE,15,2,1,50,7,1,7,3.5,7,0,0,0,0,0,0,0.5,7.7
92,Jason Croom,PHI,TE,4,1,1,100,3,1,3,3,3,0,0,0,0,0,0,1.8,7.3
93,Tanner Hudson,TB,TE,11,7,3,42.9,41,0,20,5.9,13.7,0,0,0,0,0,0,0.6,7.1
94,Charlie Woerner,SF,TE,14,4,3,75,36,0,18,9,12,0,0,0,0,0,0,0.5,6.6
95,Kahale Warring,HOU,TE,7,7,3,42.9,35,0,23,5,11.7,0,0,0,0,0,0,0.9,6.5
96,Lawrence Cager,NYJ,TE,2,6,2,33.3,35,0,19,5.8,17.5,0,0,0,0,0,0,2.8,5.5
96,Jaeden Graham,ATL,TE,16,5,3,60,25,0,11,5,8.3,0,0,0,0,0,0,0.3,5.5
98,Hunter Bryant,DET,TE,5,3,1,33.3,44,0,44,14.7,44,0,0,0,0,0,0,1.1,5.4
99,Daniel Brown,NYJ,TE,16,2,2,100,31,0,18,15.5,15.5,0,0,0,0,0,0,0.3,5.1
100,Dalton Keene,NE,TE,6,5,3,60,16,0,8,3.2,5.3,0,0,0,0,1,0,0.8,4.6
100,Eric Saubert,JAX,TE,8,4,3,75,16,0,9,4,5.3,0,0,0,0,0,0,0.6,4.6
102,Stephen Carlson,CLE,TE,16,2,1,50,11,0,11,5.5,11,0,0,0,0,0,0,0.3,4.1
103,Ben Ellefson,JAX,TE,7,4,1,25,10,0,10,2.5,10,0,0,0,0,0,0,0.6,4
104,Colby Parkinson,SEA,TE,6,2,2,100,16,0,10,8,8,0,0,0,0,0,0,0.6,3.6
105,Antonio Gandy-Golden,WAS,TE,6,7,1,14.3,3,0,3,0.4,3,1,22,22,0,0,0,0.6,3.5
106,Jake Butt,DEN,TE,5,4,2,50,5,0,5,1.2,2.5,0,0,0,0,0,0,0.5,2.5
107,Tommy Stevens,CAR,TE,1,0,0,0,0,0,0,0,0,4,24,6,0,0,0,2.4,2.4
107,Derek Carrier,LV,TE,16,1,1,100,14,0,14,14,14,0,0,0,0,0,0,0.2,2.4
109,Luke Willson,BAL,TE,8,3,1,33.3,12,0,12,4,12,0,0,0,0,0,0,0.3,2.2
109,Josiah Deguara,GB,TE,2,2,1,50,12,0,12,6,12,0,0,0,0,0,0,1.1,2.2
109,Blake Jarwin,DAL,TE,1,1,1,100,12,0,12,12,12,0,0,0,0,0,0,2.2,2.2
112,Temarrick Hemingway,WAS,TE,8,2,1,50,10,0,10,5,10,0,0,0,0,0,0,0.2,2
113,Jeremy Sprinkle,WAS,TE,16,3,1,33.3,6,0,6,2,6,0,0,0,0,0,0,0.1,1.6
113,Brandon Dillon,MIN,TE,3,1,1,100,6,0,6,6,6,0,0,0,0,0,0,0.5,1.6
115,Trevon Wesco,NYJ,TE,12,2,1,50,5,0,5,2.5,5,1,0,0,0,0,0,0.1,1.5
116,Isaac Nauta,DET,TE,7,2,1,50,3,0,3,1.5,3,0,0,0,0,0,0,0.2,1.3
117,Marcus Baugh,WAS,TE,8,1,1,100,2,0,2,2,2,0,0,0,0,0,0,0.2,1.2
118,Ricky Seals-Jones,KC,TE,2,1,0,0,0,0,0,0,0,0,0,0,0,0,0,0,0
118,Noah Togiai,IND,TE,4,1,0,0,0,0,0,0,0,0,0,0,0,0,0,0,0
118,Tyler Davis O,JAX,TE,8,2,0,0,0,0,0,0,0,0,0,0,0,0,0,0,0
118,J.P. Holtz,CHI,TE,16,1,0,0,0,0,0,0,0,0,0,0,0,0,0,0,0
118,Antony Auclair,TB,TE,8,1,0,0,0,0,0,0,0,0,0,0,0,0,0,0,0
118,Sean McKeon,DAL,TE,14,0,0,0,0,0,0,0,0,0,0,0,0,0,0,0,0
118,Brycen Hopkins,LAR,TE,5,0,0,0,0,0,0,0,0,0,0,0,0,0,0,0,0
118,Zach Gentry,PIT,TE,2,0,0,0,0,0,0,0,0,0,0,0,0,0,0,0,0
118,Eric Tomlinson,BAL,TE,7,1,0,0,0,0,0,0,0,0,0,0,0,0,0,0,0
118,Farrod Green,IND,TE,1,0,0,0,0,0,0,0,0,0,0,0,0,0,0,0,0
118,Mason Schreck,CIN,TE,14,1,0,0,0,0,0,0,0,0,0,0,0,0,0,0,0
118,Garrett Griffin,NO,TE,4,0,0,0,0,0,0,0,0,0,0,0,0,0,0,0,0
118,Daniel Helm,SF,TE,5,0,0,0,0,0,0,0,0,0,0,0,0,0,0,0,0
118,Evan Baylis,ARI,TE,5,0,0,0,0,0,0,0,0,0,0,0,0,0,0,0,0
118,Nate Becker,BUF,TE,1,0,0,0,0,0,0,0,0,0,0,0,0,0,0,0,0
118,Stephen Sullivan,SEA,TE,1,0,0,0,0,0,0,0,0,0,0,0,0,0,0,0,0
118,Ross Travis,NYJ,TE,1,0,0,0,0,0,0,0,0,0,0,0,0,0,0,0,0
118,Caleb Wilson,PHI,TE,5,0,0,0,0,0,0,0,0,0,0,0,0,0,0,0,0
118,Sean Culkin,BAL,TE,1,0,0,0,0,0,0,0,0,0,0,0,0,0,0,0,0
118,Kevin Rader,PIT,TE,1,1,0,0,0,0,0,0,0,0,0,0,0,0,0,0,0
118,Seth DeValve,ARI,TE,4,1,0,0,0,0,0,0,0,0,0,0,0,0,0,0,0
118,Hale Hentges,MIN,TE,1,0,0,0,0,0,0,0,0,0,0,0,0,0,0,0,0
118,Jordan Matthews,SF,TE,2,0,0,0,0,0,0,0,0,0,0,0,0,0,0,0,0
118,Matt Sokol,LAC,TE,2,0,0,0,0,0,0,0,0,0,0,0,0,0,0,0,0
,,,,,,,,,,,,,,,,,,,,
2021,,,,,,,,,,,,,,,,,,,,
,,,,,,,,,,,,,,,,,,,,
1,Mark Andrews,BAL,TE,17,154,107,69.5,1361,9,43,8.8,12.7,1,0,0,0,1,0,17.7,301.1
2,Travis Kelce,KC,TE,16,134,92,68.7,1125,9,69,8.4,12.2,2,3,1.5,1,1,1,16.4,262.8
3,Dalton Schultz,DAL,TE,17,104,78,75,808,8,32,7.8,10.4,0,0,0,0,0,0,12.3,208.8
4,George Kittle,SF,TE,14,94,71,75.5,910,6,48,9.7,12.8,3,20,6.7,0,2,1,14.1,198
5,Zach Ertz,ARI,TE,17,112,74,66.1,763,5,47,6.8,10.3,1,4,4,0,0,0,10.6,180.7
6,Kyle Pitts,ATL,TE,17,110,68,61.8,1026,1,61,9.3,15.1,0,0,0,0,0,0,10.4,176.6
7,Rob Gronkowski,TB,TE,12,89,55,61.8,802,6,42,9,14.6,0,0,0,0,0,0,14.3,171.2
8,Dallas Goedert,PHI,TE,15,76,56,73.7,830,4,45,10.9,14.8,0,0,0,0,1,0,11,165
8,Mike Gesicki,MIA,TE,17,111,73,65.8,780,2,40,7,10.7,0,0,0,0,0,0,9.7,165
10,Hunter Henry,NE,TE,17,75,50,66.7,603,9,35,8,12.1,0,0,0,0,0,0,9.7,164.3
11,Dawson Knox,BUF,TE,15,71,49,69,587,9,53,8.3,12,0,4,0,0,0,0,10.9,164.1
12,Noah Fant,DEN,TE,16,90,68,75.6,670,4,35,7.4,9.9,0,0,0,0,0,0,9.9,159
13,Pat Freiermuth,PIT,TE,16,79,60,75.9,497,7,24,6.3,8.3,0,0,0,0,1,1,9.5,151.7
14,Tyler Higbee,LAR,TE,15,85,61,71.8,560,5,37,6.6,9.2,0,0,0,0,1,0,9.8,147
15,T.J. Hockenson,DET,TE,12,83,61,73.5,583,4,33,7,9.6,0,0,0,0,0,0,12.1,145.3
16,Tyler Conklin,MIN,TE,17,87,61,70.1,593,3,40,6.8,9.7,0,0,0,0,1,0,8.1,138.3
17,Darren Waller,LV,TE,11,93,55,59.1,665,2,33,7.2,12.1,0,0,0,0,0,0,12.1,133.5
18,Jared Cook,LAC,TE,16,83,48,57.8,564,4,42,6.8,11.8,0,0,0,0,0,0,8.3,132.4
19,C.J. Uzomah,CIN,TE,16,63,49,77.8,493,5,55,7.8,10.1,0,0,0,0,0,0,8,128.3
20,Taysom Hill,NO,TE,12,6,4,66.7,52,0,15,8.7,13,70,374,5.3,5,2,0,10.1,121.72
21,Cole Kmet,CHI,TE,17,93,60,64.5,612,0,25,6.6,10.2,1,0,0,0,0,0,7.1,121.2
22,Gerald Everett,SEA,TE,15,63,48,76.2,478,4,41,7.6,10,3,20,6.7,0,2,2,7.9,117.8
23,David Njoku,CLE,TE,16,53,36,67.9,475,4,71,9,13.2,1,1,1,0,0,0,6.7,107.6
24,Evan Engram,NYG,TE,15,73,46,63,408,3,30,5.6,8.9,1,-3,-3,0,1,1,6.8,102.5
25,Austin Hooper,CLE,TE,16,61,38,62.3,345,3,34,5.7,9.1,0,0,0,0,0,0,5.8,92.5
26,Foster Moreau,LV,TE,17,44,30,68.2,373,3,44,8.5,12.4,0,0,0,0,1,0,5,85.3
27,Mo Alie-Cox,IND,TE,17,45,24,53.3,316,4,37,7,13.2,0,0,0,0,1,0,4.7,79.6
28,Jack Doyle,IND,TE,17,43,29,67.4,302,3,34,7,10.4,0,0,0,0,0,0,4.7,79.2
29,Anthony Firkser,TEN,TE,15,43,34,79.1,291,2,24,6.8,8.6,0,0,0,1,2,1,5.3,79.1
30,Cameron Brate,TB,TE,17,57,30,52.6,245,4,18,4.3,8.2,0,0,0,0,0,0,4.6,78.5
31,Albert Okwuegbunam,DEN,TE,14,40,33,82.5,330,2,64,8.2,10,0,0,0,0,1,1,5.4,76
32,Dan Arnold,JAX,TE,11,52,35,67.3,408,0,28,7.8,11.7,0,0,0,0,1,1,6.9,75.8
33,Geoff Swaim,TEN,TE,16,40,31,77.5,210,3,26,5.2,6.8,0,0,0,0,0,0,4.4,70
33,Durham Smythe,MIA,TE,17,41,34,82.9,357,0,25,8.7,10.5,2,3,1.5,0,0,0,4.1,70
35,Ricky Seals-Jones,WAS,TE,13,49,30,61.2,271,2,39,5.5,9,0,0,0,0,0,0,5.3,69.1
36,Jonnu Smith,NE,TE,16,45,28,62.2,294,1,28,6.5,10.5,9,40,4.4,0,1,0,4.2,67.4
37,Ryan Griffin,NYJ,TE,14,42,27,64.3,261,2,29,6.2,9.7,0,0,0,0,1,0,4.6,65.1
38,Hayden Hurst,ATL,TE,13,31,26,83.9,221,3,33,7.1,8.5,0,0,0,0,3,1,4.9,64.1
39,Adam Trautman,NO,TE,13,43,27,62.8,263,2,32,6.1,9.7,0,0,0,0,1,1,4.9,63.3
40,Harrison Bryant,CLE,TE,16,28,21,75,233,3,41,8.3,11.1,0,0,0,0,0,0,3.9,62.3
41,Josiah Deguara,GB,TE,16,33,25,75.8,245,2,62,7.4,9.8,0,0,0,0,0,0,3.8,61.5
42,Kyle Rudolph,NYG,TE,16,39,26,66.7,257,1,60,6.6,9.9,0,0,0,0,0,0,3.7,59.7
43,Donald Parham Jr.,LAC,TE,14,27,20,74.1,190,3,22,7,9.5,0,0,0,0,0,0,4.2,59
44,Brevin Jordan,HOU,TE,9,28,20,71.4,178,3,27,6.4,8.9,0,0,0,0,0,0,6.2,55.8
45,Logan Thomas,WAS,TE,6,25,18,72,196,3,35,7.8,10.9,0,0,0,0,1,1,8.9,53.6
46,Tommy Tremble,CAR,TE,16,35,20,57.1,180,1,30,5.1,9,3,11,3.7,1,0,0,3.3,53.1
47,Juwan Johnson,NO,TE,14,22,13,59.1,159,4,27,7.2,12.2,0,0,0,0,0,0,3.8,52.9
48,John Bates,WAS,TE,17,25,20,80,249,1,32,10,12.4,0,0,0,0,1,0,3,50.9
49,Jimmy Graham,CHI,TE,15,23,14,60.9,167,3,28,7.3,11.9,0,0,0,0,0,0,3.4,50.7
50,Robert Tonyan,GB,TE,8,29,18,62.1,204,2,33,7,11.3,0,0,0,0,0,0,6.3,50.4
50,James O'Shaughnessy,JAX,TE,7,34,24,70.6,244,0,30,7.2,10.2,0,0,0,0,0,0,7.2,50.4
52,Will Dissly,SEA,TE,15,26,21,80.8,231,1,39,8.9,11,0,0,0,0,1,0,3.3,50.1
53,MyCole Pruitt,TEN,TE,16,18,14,77.8,145,3,22,8.1,10.4,0,0,0,0,0,0,3,48.5
54,Marcedes Lewis,GB,TE,17,28,23,82.1,214,0,23,7.6,9.3,0,0,0,0,1,0,2.6,44.4
55,Jordan Akins,HOU,TE,13,33,24,72.7,214,0,31,6.5,8.9,1,3,3,0,2,2,3.2,41.7
56,Maxx Williams,ARI,TE,5,17,16,94.1,193,1,34,11.4,12.1,0,0,0,0,0,0,8.3,41.3
57,Tyler Kroft,NYJ,TE,9,25,16,64,173,1,26,6.9,10.8,0,0,0,0,0,0,4.4,39.3
58,Stephen Anderson,LAC,TE,17,19,16,84.2,165,1,34,8.7,10.3,0,0,0,0,0,0,2.3,38.5
59,Pharaoh Brown,HOU,TE,15,34,23,67.6,171,0,29,5,7.4,0,0,0,0,1,1,2.5,38.1
60,Ian Thomas,CAR,TE,17,30,18,60,188,0,41,6.3,10.4,0,0,0,0,0,0,2.2,36.8
61,Brock Wright,DET,TE,10,17,12,70.6,117,2,36,6.9,9.8,0,0,0,0,0,0,3.6,35.7
61,Zach Gentry,PIT,TE,17,25,19,76,167,0,25,6.7,8.8,0,0,0,0,0,0,2.1,35.7
63,O.J. Howard,TB,TE,17,21,14,66.7,135,1,21,6.4,9.6,0,0,0,0,0,0,2,33.5
64,Blake Jarwin,DAL,TE,8,18,11,61.1,96,2,20,5.3,8.7,0,0,0,0,0,0,4.1,32.6
65,Eric Ebron,PIT,TE,8,18,12,66.7,84,1,19,4.7,7,1,1,1,1,0,0,4.1,32.5
66,Nick Vannett,NO,TE,7,15,9,60,133,1,30,8.9,14.8,0,0,0,0,0,0,4,28.3
67,Adam Shaheen,MIA,TE,12,16,12,75,110,0,21,6.9,9.2,0,0,0,0,0,0,1.9,23
68,Jody Fortson IR,KC,TE,6,5,5,100,47,2,27,9.4,9.4,0,0,0,0,0,0,3.6,21.7
69,Kylen Granson,IND,TE,17,15,11,73.3,106,0,27,7.1,9.6,0,0,0,0,0,0,1.3,21.6
70,Lee Smith,ATL,TE,16,11,9,81.8,65,1,22,5.9,7.2,0,0,0,0,0,0,1.3,21.5
71,Jacob Hollister,JAX,TE,7,14,9,64.3,55,1,11,3.9,6.1,0,0,0,0,0,0,2.9,20.5
72,Tommy Sweeney,BUF,TE,13,12,9,75,44,1,13,3.7,4.9,0,0,0,0,1,0,1.5,19.4
73,Jesse James,CHI,TE,14,8,7,87.5,62,1,19,7.8,8.9,0,0,0,0,0,0,1.4,19.2
74,Chris Manhertz,JAX,TE,17,9,6,66.7,71,1,22,7.9,11.8,0,0,0,0,0,0,1.1,19.1
74,Drew Sample,CIN,TE,17,15,11,73.3,81,0,19,5.4,7.4,0,0,0,0,0,0,1.1,19.1
76,Eric Saubert,DEN,TE,17,12,8,66.7,47,1,11,3.9,5.9,0,0,0,0,0,0,1.1,18.7
76,Blake Bell,KC,TE,16,13,9,69.2,87,0,24,6.7,9.7,4,10,2.5,0,0,0,1.2,18.7
78,Noah Gray,KC,TE,16,10,7,70,36,1,8,3.6,5.1,0,0,0,0,0,0,1,16.6
79,Jesper Horsted,CHI,TE,7,3,2,66.7,21,2,19,7,10.5,0,0,0,0,0,0,2.3,16.1
80,Antony Auclair,HOU,TE,16,5,5,100,47,1,15,9.4,9.4,0,0,0,0,0,0,1,15.7
81,Josh Oliver,BAL,TE,14,15,9,60,66,0,19,4.4,7.3,0,0,0,0,1,0,1.1,15.6
82,Ross Dwelley,SF,TE,17,5,4,80,51,1,21,10.2,12.8,0,0,0,0,0,0,0.9,15.1
83,Chris Herndon,MIN,TE,16,7,4,57.1,40,1,17,5.7,10,0,0,0,0,0,0,0.9,14
84,Sean McKeon,DAL,TE,9,6,4,66.7,27,1,12,4.5,6.8,0,0,0,0,0,0,1.4,12.7
85,Luke Farrell,JAX,TE,15,11,7,63.6,56,0,21,5.1,8,0,0,0,0,1,0,0.8,12.6
86,Tyree Jackson,PHI,TE,9,7,3,42.9,22,1,13,3.1,7.3,0,0,0,0,0,0,1.2,11.2
87,Tre' McKitty,LAC,TE,11,8,6,75,45,0,12,5.6,7.5,0,0,0,0,0,0,1,10.5
88,Charlie Woerner,SF,TE,17,6,5,83.3,52,0,27,8.7,10.4,0,0,0,0,0,0,0.6,10.2
89,Parker Hesse,ATL,TE,8,6,5,83.3,43,0,17,7.2,8.6,0,0,0,0,0,0,1.2,9.3
90,Darren Fells,TB,TE,9,5,4,80,43,0,24,8.6,10.8,0,0,0,0,0,0,0.9,8.3
90,Colby Parkinson,SEA,TE,14,8,5,62.5,33,0,12,4.1,6.6,0,0,0,0,0,0,0.6,8.3
92,Garrett Griffin,NO,TE,13,4,4,100,39,0,14,9.8,9.8,0,0,0,0,1,0,0.6,7.9
93,Kendall Blanton,LAR,TE,11,7,4,57.1,37,0,23,5.3,9.2,0,0,0,0,1,0,0.7,7.7
94,Tyler Davis O,GB,TE,13,5,4,80,35,0,22,7,8.8,0,0,0,0,0,0,0.6,7.5
95,Trevon Wesco,NYJ,TE,12,5,3,60,35,0,19,7,11.7,0,0,0,0,0,0,0.5,6.5
96,Shane Zylstra IR,DET,TE,4,7,3,42.9,34,0,16,4.9,11.3,0,0,0,0,0,0,1.6,6.4
97,Kaden Smith,NYG,TE,9,3,3,100,33,0,21,11,11,0,0,0,0,0,0,0.7,6.3
98,Jack Stoll,PHI,TE,16,5,4,80,22,0,9,4.4,5.5,0,0,0,0,0,0,0.4,6.2
99,Jeremy Sprinkle,DAL,TE,17,3,3,100,31,0,11,10.3,10.3,0,0,0,0,0,0,0.4,6.1
99,Tommy Hudson,TEN,TE,5,6,3,50,31,0,14,5.2,10.3,0,0,0,0,0,0,1.2,6.1
101,Kenny Yeboah,NYJ,TE,9,3,2,66.7,36,0,24,12,18,0,0,0,0,0,0,0.6,5.6
102,Dominique Dafney,GB,TE,10,4,2,50,34,0,26,8.5,17,0,0,0,0,0,0,0.5,5.4
103,Daniel Brown,NYJ,TE,12,2,2,100,29,0,24,14.5,14.5,0,0,0,0,0,0,0.4,4.9
104,Mitchell Wilcox PUP,CIN,TE,15,5,3,60,16,0,8,3.2,5.3,0,0,0,0,0,0,0.3,4.6
105,Demetrius Harris,ARI,TE,14,6,3,50,10,0,7,1.7,3.3,0,0,0,0,0,0,0.3,4
106,Cethan Carter,MIA,TE,16,2,2,100,16,0,8,8,8,0,0,0,0,0,0,0.2,3.6
107,Derek Carrier,LV,TE,5,2,2,100,13,0,9,6.5,6.5,0,0,0,0,0,0,0.7,3.3
108,Luke Stocker,MIN,TE,12,2,2,100,12,0,7,6,6,0,0,0,0,0,0,0.3,3.2
109,Richard Rodgers,PHI,TE,3,2,2,100,11,0,9,5.5,5.5,0,0,0,0,0,0,1,3.1
110,Kevin Rader,PIT,TE,6,3,2,66.7,8,0,7,2.7,4,0,0,0,0,0,0,0.5,2.8
110,Ethan Wolf,NO,TE,2,2,2,100,8,0,4,4,4,0,0,0,0,0,0,1.4,2.8
112,Johnny Mundt,LAR,TE,6,1,1,100,9,0,9,9,9,0,0,0,0,0,0,0.3,1.9
112,Brycen Hopkins,LAR,TE,5,1,1,100,9,0,9,9,9,0,0,0,0,0,0,0.4,1.9
114,Hunter Long PUP,MIA,TE,7,3,1,33.3,8,0,8,2.7,8,0,0,0,0,0,0,0.3,1.8
115,Eric Tomlinson,BAL,TE,17,2,1,50,7,0,7,3.5,7,0,0,0,0,0,0,0.1,1.7
116,Darrell Daniels,ARI,TE,15,4,1,25,0,0,0,0,0,0,0,0,0,0,0,0.1,1
116,Deon Yelder,TB,TE,3,1,1,100,0,0,0,0,0,0,0,0,0,0,0,0.3,1
118,Daniel Helm,LV,TE,9,2,1,50,-1,0,0,-0.5,-1,0,0,0,0,0,0,0.1,0.9
119,Tyler Mabry,SEA,TE,8,0,0,0,0,0,0,0,0,0,0,0,0,0,0,0,0
119,Sammis Reyes,WAS,TE,11,0,0,0,0,0,0,0,0,0,0,0,0,0,0,0,0
119,Colin Thompson,CAR,TE,10,1,0,0,0,0,0,0,0,0,0,0,0,0,0,0,0
119,Giovanni Ricci,CAR,TE,16,2,0,0,0,0,0,0,0,0,0,0,0,0,0,0,0
119,Brandon Dillon,MIN,TE,1,0,0,0,0,0,0,0,0,0,0,0,0,0,0,0,0
119,Ben Ellefson,MIN,TE,5,1,0,0,0,0,0,0,0,0,0,0,0,0,0,0,0
119,Devin Asiasi,NE,TE,1,0,0,0,0,0,0,0,0,0,0,0,0,0,0,0,0
119,J.P. Holtz,CHI,TE,13,0,0,0,0,0,0,0,0,0,0,0,0,0,0,0,0
119,Nick Bowers,LV,TE,4,0,0,0,0,0,0,0,0,0,0,0,0,0,0,0,0
119,Jordan Franks,CLE,TE,1,0,0,0,0,0,0,0,0,0,0,0,0,0,0,0,0
119,Codey McElroy,TB,TE,2,1,0,0,0,0,0,0,0,0,0,0,0,0,0,0,0
119,Antonio Gandy-Golden,WAS,TE,4,0,0,0,0,0,0,0,0,0,0,0,0,0,0,0,0
119,Tanner Hudson,SF,TE,2,0,0,0,0,0,0,0,0,0,0,0,0,0,0,0,0
119,Ross Travis,DET,TE,4,0,0,0,0,0,0,0,0,0,0,0,0,0,0,0,0
119,Noah Togiai,PHI,TE,1,0,0,0,0,0,0,0,0,0,0,0,0,0,0,0,0
119,Matt Bushman,LV,TE,2,0,0,0,0,0,0,0,0,0,0,0,0,0,0,0,0
119,Jordan Matthews,SF,TE,1,0,0,0,0,0,0,0,0,0,0,0,0,0,0,0,0
119,Kahale Warring,JAX,TE,2,0,0,0,0,0,0,0,0,0,0,0,0,0,0,0,0
119,Miller Forristall,CLE,TE,2,0,0,0,0,0,0,0,0,0,0,0,0,0,0,0,0
119,David Wells,ARI,TE,3,0,0,0,0,0,0,0,0,0,0,0,0,0,0,0,0
119,Lawrence Cager,CLE,TE,1,0,0,0,0,0,0,0,0,0,0,0,0,0,0,0,0
119,Matt LaCosse,NE,TE,1,0,0,0,0,0,0,0,0,0,0,0,0,0,0,0,0
119,Temarrick Hemingway,WAS,TE,2,0,0,0,0,0,0,0,0,0,0,0,0,0,0,0,0
119,Mason Schreck,CIN,TE,1,0,0,0,0,0,0,0,0,0,0,0,0,0,0,0,0
119,Ian Bunting,DAL,TE,1,0,0,0,0,0,0,0,0,0,0,0,0,0,0,0,0
119,Jared Pinkney,DET,TE,2,0,0,0,0,0,0,0,0,0,0,0,0,0,0,0,0
119,Tony Poljan,BAL,TE,1,0,0,0,0,0,0,0,0,0,0,0,0,0,0,0,0
119,Stephen Sullivan,CAR,TE,3,1,0,0,0,0,0,0,0,0,0,0,0,0,0,0,0
119,Ryan Izzo,TEN,TE,1,0,0,0,0,0,0,0,0,0,0,0,0,0,0,0,0
119,Nakia Griffin-Stewart,KC,TE,1,0,0,0,0,0,0,0,0,0,0,0,0,0,0,0,0
119,Hunter Kampmoyer,LAC,TE,1,0,0,0,0,0,0,0,0,0,0,0,0,0,0,0,0
150,Feleipe Franks IR,ATL,TE,9,0,0,0,0,0,0,0,0,3,6,2,0,0,0,-0.2,-1.4
,,,,,,,,,,,,,,,,,,,,
2022,,,,,,,,,,,,,,,,,,,,
1,Travis Kelce,KC,TE,17,152,110,72.4,1338,12,52,8.8,12.2,2,5,2.5,0,1,1,18.6,316.3
2,T.J. Hockenson,MIN,TE,17,129,86,66.7,914,6,81,7.1,10.6,0,0,0,0,1,1,12.7,215.4
3,George Kittle,SF,TE,15,86,60,69.8,765,11,54,8.9,12.8,0,0,0,0,1,1,13.4,200.5
4,Mark Andrews,BAL,TE,15,113,73,64.6,847,5,36,7.5,11.6,3,8,2.7,0,1,0,12.7,190.5
5,Evan Engram,JAX,TE,17,98,73,74.5,766,4,36,7.8,10.5,2,13,6.5,0,0,0,10.4,176.9
6,Tyler Higbee,LAR,TE,17,108,72,66.7,620,3,26,5.7,8.6,0,0,0,0,0,0,8.9,152
7,Pat Freiermuth,PIT,TE,16,98,63,64.3,732,2,57,7.5,11.6,0,0,0,0,0,0,9.3,148.2
8,Cole Kmet,CHI,TE,17,69,50,72.5,544,7,50,7.9,10.9,2,9,4.5,0,1,0,8.7,147.3
9,Taysom Hill,NO,TE,16,13,9,69.2,77,2,30,5.9,8.6,96,575,6,7,2,0,9.1,145.8
10,Dalton Schultz,DAL,TE,15,89,57,64,577,5,30,6.5,10.1,0,0,0,0,1,1,9.5,142.7
11,David Njoku,CLE,TE,14,80,58,72.5,628,4,38,7.8,10.8,2,-8,-4,0,1,1,10.1,142
12,Dallas Goedert,PHI,TE,12,69,55,79.7,702,3,31,10.2,12.8,0,0,0,0,1,1,11.8,141.2
13,Gerald Everett,LAC,TE,16,87,58,66.7,555,4,26,6.4,9.6,1,0,0,0,0,0,8.7,139.5
14,Dawson Knox,BUF,TE,15,65,48,73.8,517,6,45,8,10.8,0,0,0,0,0,0,9,135.7
15,Juwan Johnson,NO,TE,16,65,42,64.6,508,7,41,7.8,12.1,0,0,0,0,0,0,8.4,134.8
16,Tyler Conklin,NYJ,TE,17,87,58,66.7,552,3,30,6.3,9.5,2,3,1.5,0,2,0,7.7,131.5
17,Noah Fant,SEA,TE,17,63,50,79.4,486,4,51,7.7,9.7,0,0,0,0,0,0,7.2,122.6
18,Jordan Akins,HOU,TE,15,54,37,68.5,495,5,46,9.2,13.4,0,0,0,0,1,1,7.8,116.5
19,Zach Ertz,ARI,TE,10,69,47,68.1,406,4,32,5.9,8.6,0,0,0,0,0,0,11.6,115.6
20,Robert Tonyan,GB,TE,17,67,53,79.1,470,2,24,7,8.9,0,0,0,0,0,0,6.6,112
21,Hayden Hurst,CIN,TE,13,68,52,76.5,414,2,29,6.1,8,0,0,0,0,0,0,8.1,105.4
22,Hunter Henry,NE,TE,17,59,41,69.5,509,2,39,8.6,12.4,0,0,0,0,0,0,6.1,103.9
23,Mike Gesicki,MIA,TE,17,52,32,61.5,362,5,32,7,11.3,0,0,0,0,0,0,5.8,98.2
24,Austin Hooper,TEN,TE,17,60,41,68.3,444,2,24,7.4,10.8,0,0,0,0,0,0,5.7,97.4
25,Chigoziem Okonkwo,TEN,TE,17,46,32,69.6,450,3,48,9.8,14.1,3,2,0.7,0,0,0,5.7,97.2
26,Cade Otton,TB,TE,16,65,42,64.6,391,2,35,6,9.3,0,0,0,0,0,0,5.8,93.1
27,Isaiah Likely,BAL,TE,16,60,36,60,373,3,34,6.2,10.4,0,0,0,0,0,0,5.7,91.3
28,Will Dissly,SEA,TE,15,38,34,89.5,349,3,38,9.2,10.3,0,0,0,0,0,0,5.8,86.9
29,Greg Dulcich,DEN,TE,10,55,33,60,411,2,39,7.5,12.5,0,0,0,0,0,0,8.6,86.1
30,Foster Moreau,LV,TE,15,54,33,61.1,420,2,33,7.8,12.7,0,2,0,0,1,1,5.7,85.2
31,Darren Waller,LV,TE,9,43,28,65.1,388,3,34,9,13.9,0,0,0,0,0,0,9.4,84.8
32,Logan Thomas,WAS,TE,14,61,39,63.9,323,1,27,5.3,8.3,0,0,0,0,0,0,5.5,77.3
33,Kyle Pitts,ATL,TE,10,59,28,47.5,356,2,33,6,12.7,0,0,0,0,0,0,7.6,75.6
34,Daniel Bellinger,NYG,TE,12,35,30,85.7,268,2,24,7.7,8.9,1,2,2,1,1,1,6.2,75
35,Jelani Woods,IND,TE,15,40,25,62.5,312,3,36,7.8,12.5,0,0,0,0,1,0,4.9,74.2
36,Noah Gray,KC,TE,17,34,28,82.4,299,1,27,8.8,10.7,1,1,1,1,0,0,4.1,70
37,Colby Parkinson,SEA,TE,17,34,25,73.5,322,2,39,9.5,12.9,0,0,0,0,0,0,4.1,69.2
38,Brock Wright,DET,TE,17,24,18,75,216,4,51,9,12,0,0,0,0,0,0,3.7,63.6
39,Harrison Bryant,CLE,TE,17,42,31,73.8,239,1,30,5.7,7.7,1,8,8,0,0,0,3.6,61.7
40,Trey McBride,ARI,TE,16,39,29,74.4,265,1,29,6.8,9.1,0,0,0,0,1,0,3.8,61.5
41,Kylen Granson,IND,TE,13,40,31,77.5,302,0,32,7.6,9.7,1,0,0,0,1,0,4.7,61.2
42,C.J. Uzomah,NYJ,TE,15,27,21,77.8,232,2,40,8.6,11,0,0,0,0,0,0,3.7,56.2
43,Irv Smith Jr.,MIN,TE,8,36,25,69.4,182,2,17,5.1,7.3,0,0,0,0,1,0,6.9,55.2
44,MyCole Pruitt,ATL,TE,13,21,16,76.2,150,4,29,7.1,9.4,0,0,0,0,0,0,4.2,55
45,Mo Alie-Cox,IND,TE,17,28,19,67.9,189,3,34,6.8,9.9,0,0,0,0,1,1,3.2,53.9
46,Tommy Tremble,CAR,TE,17,32,19,59.4,174,3,29,5.4,9.2,0,0,0,0,1,1,3.1,52.4
47,Jonnu Smith,NE,TE,14,38,27,71.1,245,0,53,6.4,9.1,1,5,5,0,1,0,3.7,52
48,Jake Ferguson,DAL,TE,16,22,19,86.4,174,2,30,7.9,9.2,0,0,0,0,0,0,3,48.4
49,Adam Trautman,NO,TE,15,22,18,81.8,207,1,22,9.4,11.5,0,0,0,0,0,0,3,44.7
50,Shane Zylstra IR,DET,TE,13,15,11,73.3,60,4,14,4,5.5,0,0,0,0,0,0,3.2,41
51,Josh Oliver,BAL,TE,17,25,14,56,149,2,40,6,10.6,0,0,0,0,0,0,2.4,40.9
52,Ian Thomas,CAR,TE,17,30,21,70,197,0,50,6.6,9.4,0,0,0,0,0,0,2.4,40.7
53,Durham Smythe,MIA,TE,16,20,15,75,129,1,26,6.4,8.6,2,1,0.5,1,0,0,2.5,40
54,Peyton Hendershot,DAL,TE,17,16,11,68.8,103,2,29,6.4,9.4,1,2,2,1,1,0,2.3,39.5
55,Johnny Mundt,MIN,TE,17,21,19,90.5,140,1,17,6.7,7.4,0,0,0,0,0,0,2.3,39
56,Cameron Brate,TB,TE,11,38,20,52.6,174,0,21,4.6,8.7,0,0,0,0,0,0,3.4,37.4
57,Mitchell Wilcox PUP,CIN,TE,16,18,17,94.4,139,1,19,7.7,8.2,0,0,0,0,0,0,2.3,36.9
58,O.J. Howard,HOU,TE,13,23,10,43.5,145,2,26,6.3,14.5,0,0,0,0,0,0,2.8,36.5
59,Connor Heyward,PIT,TE,17,17,12,70.6,151,1,45,8.9,12.6,2,27,13.5,0,0,0,2.1,35.8
59,Eric Saubert,DEN,TE,17,24,15,62.5,148,1,25,6.2,9.9,0,0,0,0,0,0,2.1,35.8
61,Zach Gentry,PIT,TE,17,23,19,82.6,132,0,32,5.7,6.9,0,0,0,0,0,0,1.9,32.2
62,Lawrence Cager,NYG,TE,7,19,13,68.4,118,1,20,6.2,9.1,0,0,0,0,0,0,4.4,30.8
62,John Bates,WAS,TE,16,22,14,63.6,108,1,20,4.9,7.7,0,0,0,0,1,0,1.9,30.8
64,Teagan Quitoriano,HOU,TE,9,14,7,50,113,2,52,8.1,16.1,0,0,0,0,0,0,3.4,30.3
65,Jody Fortson IR,KC,TE,13,13,9,69.2,108,2,40,8.3,12,0,0,0,0,1,1,2.3,29.8
66,Donald Parham Jr.,LAC,TE,6,12,10,83.3,130,1,24,10.8,13,0,0,0,0,0,0,4.8,29
67,Eric Tomlinson,DEN,TE,17,13,9,69.2,79,2,18,6.1,8.8,0,0,0,0,0,0,1.7,28.9
68,James Mitchell,DET,TE,14,11,11,100,113,1,22,10.3,10.3,0,0,0,0,0,0,2,28.3
69,Brevin Jordan,HOU,TE,11,28,14,50,128,0,20,4.6,9.1,0,0,0,0,0,0,2.4,26.8
70,Marcedes Lewis,GB,TE,17,7,6,85.7,66,2,31,9.4,11,0,0,0,0,0,0,1.6,26.6
71,Albert Okwuegbunam,DEN,TE,8,18,10,55.6,95,1,25,5.3,9.5,0,0,0,0,0,0,3.2,25.5
72,Josiah Deguara,GB,TE,17,15,13,86.7,114,0,25,7.6,8.8,0,0,0,0,0,0,1.4,24.4
73,Geoff Swaim,TEN,TE,17,16,12,75,58,1,13,3.6,4.8,0,0,0,0,0,0,1.4,23.8
74,Pharaoh Brown,CLE,TE,16,20,12,60,117,0,30,5.8,9.8,0,0,0,0,0,0,1.5,23.7
75,Jack Stoll,PHI,TE,17,14,11,78.6,123,0,26,8.8,11.2,0,0,0,0,0,0,1.4,23.3
76,Tanner Hudson,NYG,TE,11,15,10,66.7,132,0,27,8.8,13.2,0,0,0,0,0,0,2.1,23.2
77,Dan Arnold,JAX,TE,17,13,9,69.2,135,0,26,10.4,15,0,0,0,0,0,0,1.3,22.5
78,Ko Kieft,TB,TE,17,10,7,70,80,1,19,8,11.4,0,0,0,0,0,0,1.2,21
79,Quintin Morris,BUF,TE,14,11,8,72.7,84,1,26,7.6,10.5,0,0,0,0,1,1,1.5,20.4
80,Ross Dwelley,SF,TE,12,5,3,60,105,1,56,21,35,0,0,0,0,0,0,1.6,19.5
81,Anthony Firkser,ATL,TE,11,13,9,69.2,100,0,22,7.7,11.1,0,0,0,0,0,0,1.7,19
82,Giovanni Ricci,CAR,TE,15,9,8,88.9,100,0,32,11.1,12.5,0,0,0,0,0,0,1.2,18
83,Brycen Hopkins,LAR,TE,14,11,7,63.6,109,0,22,9.9,15.6,0,0,0,0,0,0,1.3,17.9
83,Parker Hesse,ATL,TE,17,11,9,81.8,89,0,22,8.1,9.9,0,0,0,0,0,0,1.1,17.9
85,Tre' McKitty,LAC,TE,17,18,10,55.6,72,0,12,4,7.2,0,0,0,0,1,0,1,17.2
86,Armani Rogers IR,WAS,TE,11,6,5,83.3,64,0,23,10.7,12.8,2,26,13,0,0,0,1.3,14
87,Grant Calcaterra,PHI,TE,15,9,5,55.6,81,0,40,9,16.2,0,0,0,0,0,0,0.9,13.1
88,Kyle Rudolph,TB,TE,9,5,3,60,28,1,12,5.6,9.3,0,0,0,0,0,0,1.3,11.8
89,Nick Vannett,NYG,TE,9,9,6,66.7,55,0,15,6.1,9.2,0,0,0,0,0,0,1.3,11.5
90,Chris Manhertz,JAX,TE,17,8,6,75,42,0,21,5.2,7,0,0,0,0,0,0,0.6,10.2
91,Blake Bell,KC,TE,3,2,2,100,20,1,17,10,10,0,0,0,0,0,0,3.3,10
92,Tyler Kroft,SF,TE,11,5,4,80,57,0,28,11.4,14.2,0,0,0,0,0,0,0.9,9.7
93,Charlie Kolar,BAL,TE,2,6,4,66.7,49,0,15,8.2,12.2,0,0,0,0,0,0,4.4,8.9
94,Luke Farrell,JAX,TE,17,4,4,100,40,0,15,10,10,0,0,0,0,0,0,0.5,8
95,Tyler Mabry,SEA,TE,2,1,1,100,7,1,7,7,7,0,0,0,0,0,0,3.8,7.7
96,Trevon Wesco,CHI,TE,14,4,2,50,26,0,23,6.5,13,0,0,0,0,0,0,0.5,6.6
96,Stephen Sullivan,CAR,TE,14,6,2,33.3,46,0,33,7.7,23,0,0,0,0,0,0,0.5,6.6
96,Ryan Griffin,CHI,TE,15,8,4,50,26,0,18,3.2,6.5,0,0,0,0,0,0,0.4,6.6
96,Tyler Davis O,GB,TE,17,7,4,57.1,26,0,23,3.7,6.5,0,0,0,0,0,0,0.4,6.6
100,Stone Smartt,LAC,TE,7,5,4,80,17,0,8,3.4,4.2,0,0,0,0,0,0,0.8,5.7
101,Ben Ellefson,MIN,TE,4,3,3,100,26,0,12,8.7,8.7,0,0,0,0,0,0,1.4,5.6
102,Kendall Blanton,LAR,TE,4,2,2,100,35,0,28,17.5,17.5,0,0,0,0,0,0,1.4,5.5
103,Jesper Horsted,LV,TE,15,4,3,75,19,0,9,4.8,6.3,0,0,0,0,0,0,0.3,4.9
104,Maxx Williams,ARI,TE,11,3,3,100,18,0,7,6,6,0,0,0,0,0,0,0.4,4.8
105,Cole Turner,WAS,TE,10,9,2,22.2,23,0,18,2.6,11.5,0,0,0,0,0,0,0.4,4.3
106,Stephen Anderson,ARI,TE,16,7,3,42.9,9,0,6,1.3,3,0,0,0,0,0,0,0.2,3.9
107,Sean McKeon,DAL,TE,13,3,2,66.7,11,0,10,3.7,5.5,0,0,0,0,0,0,0.2,3.1
108,Mason Schreck,HOU,TE,3,2,2,100,6,0,6,3,3,0,0,0,0,0,0,0.9,2.6
109,Devin Asiasi,CIN,TE,12,4,2,50,5,0,6,1.2,2.5,0,0,0,0,0,0,0.2,2.5
110,Jeremy Ruckert,NYJ,TE,9,2,1,50,8,0,8,4,8,0,0,0,0,0,0,0.2,1.8
110,Drew Sample,CIN,TE,2,2,2,100,-2,0,2,-1,-1,0,0,0,0,0,0,0.9,1.8
112,Tommy Sweeney,BUF,TE,5,1,1,100,7,0,7,7,7,0,0,0,0,0,0,0.3,1.7
113,Richard Rodgers,LAC,TE,10,4,1,25,4,0,4,1,4,0,0,0,0,0,0,0.1,1.4
114,Cethan Carter,MIA,TE,1,0,0,0,0,0,0,0,0,0,0,0,0,0,0,0,0
114,Hunter Long PUP,MIA,TE,9,0,0,0,0,0,0,0,0,0,0,0,0,0,0,0,0
114,Tanner Conner PUP,MIA,TE,13,3,0,0,0,0,0,0,0,0,0,0,0,0,0,0,0
114,Feleipe Franks IR,ATL,TE,11,2,0,0,0,0,0,0,0,1,0,0,0,0,0,0,0
114,Charlie Woerner,SF,TE,17,2,0,0,0,0,0,0,0,0,0,0,0,0,0,0,0
114,Jake Tonges,CHI,TE,4,1,0,0,0,0,0,0,0,0,0,0,0,0,0,0,0
114,Noah Togiai,PHI,TE,2,1,0,0,0,0,0,0,0,0,0,0,0,0,0,0,0
114,Jesse James,CLE,TE,2,0,0,0,0,0,0,0,0,0,0,0,0,0,0,0,0
114,Kenny Yeboah,NYJ,TE,10,0,0,0,0,0,0,0,0,0,0,0,0,0,0,0,0
114,Miller Forristall,CLE,TE,4,1,0,0,0,0,0,0,0,0,0,0,0,0,0,0,0
114,Kevin Rader,TEN,TE,14,0,0,0,0,0,0,0,0,0,0,0,0,0,0,0,0
114,J.P. Holtz,NO,TE,6,0,0,0,0,0,0,0,0,0,0,0,0,0,0,0,0
114,Nick Muse,MIN,TE,10,0,0,0,0,0,0,0,0,0,0,0,0,0,0,0,0
114,Matt Sokol,NE,TE,3,0,0,0,0,0,0,0,0,0,0,0,0,0,0,0,0
114,Jacob Hollister,LV,TE,5,0,0,0,0,0,0,0,0,0,0,0,0,0,0,0,0
114,Jared Pinkney,LAR,TE,4,0,0,0,0,0,0,0,0,0,0,0,0,0,0,0,0
114,Nikola Kalinic,IND,TE,7,0,0,0,0,0,0,0,0,0,0,0,0,0,0,0,0
114,Tyree Jackson,PHI,TE,5,0,0,0,0,0,0,0,0,0,0,0,0,0,0,0,0
114,Roger Carter Jr.,LAR,TE,1,0,0,0,0,0,0,0,0,0,0,0,0,0,0,0,0
114,Lucas Krull,NO,TE,1,0,0,0,0,0,0,0,0,0,0,0,0,0,0,0,0
114,Chase Allen,CHI,TE,1,0,0,0,0,0,0,0,0,0,0,0,0,0,0,0,0
114,Garrett Griffin,DET,TE,1,0,0,0,0,0,0,0,0,0,0,0,0,0,0,0,0
114,Scotty Washington,NE,TE,1,0,0,0,0,0,0,0,0,0,0,0,0,0,0,0,0