,,,,,,,,,,,,,,,,,,,,
,,,,,RECEIVING,,,,,,,,RUSHING,,,,FUMBLES,,,
2018,,TEAM,POS,GMS,,,,,,,,,,,,,,,PPG,FPTS
RK,NAME,,,,TGTS,REC,PCT,YDS,TD,LNG,Y/T,Y/R,ATT,YDS,AVG,TD,FUM,LST,,
1,DeAndre Hopkins,HOU,WR,16,163,115,70.6,1572,11,49,9.6,13.7,1,-7,-7,0,2,2,20.8,333.5
2,Davante Adams,GB,WR,15,169,111,65.7,1386,13,57,8.2,12.5,0,0,0,0,0,0,22,329.6
3,Tyreek Hill,KC,WR,16,137,87,63.5,1479,12,75,10.8,17,22,151,6.9,1,0,0,20.5,328
4,Julio Jones,ATL,WR,16,170,113,66.5,1677,8,58,9.9,14.8,2,12,6,0,2,2,20.4,325.9
5,Antonio Brown,PIT,WR,15,168,104,61.9,1297,15,78,7.7,12.5,0,0,0,0,0,0,21.6,323.7
6,Michael Thomas,NO,WR,16,147,125,85,1405,9,72,9.6,11.2,0,0,0,0,2,2,19.7,315.5
7,Adam Thielen,MIN,WR,16,155,113,72.9,1373,9,68,8.9,12.2,5,30,6,0,1,1,19.2,307.3
8,JuJu Smith-Schuster,PIT,WR,16,166,111,66.9,1426,7,97,8.6,12.8,1,13,13,0,1,1,18.6,296.9
9,Mike Evans,TB,WR,16,139,86,61.9,1524,8,72,11,17.7,0,0,0,1,2,1,18.2,290.4
10,Stefon Diggs,MIN,WR,15,150,102,68,1021,9,75,6.8,10,10,62,6.2,0,0,0,17.8,266.3
11,Robert Woods,LAR,WR,16,130,86,66.2,1219,6,39,9.4,14.2,19,157,8.3,1,0,0,16.6,265.6
12,Keenan Allen,LAC,WR,16,136,97,71.3,1196,6,54,8.8,12.3,9,75,8.3,0,3,1,16.3,260.1
13,Brandin Cooks,LAR,WR,16,117,80,68.4,1204,5,57,10.3,15,10,68,6.8,1,1,0,15.2,243.2
14,T.Y. Hilton,IND,WR,14,120,76,63.3,1270,6,68,10.6,16.7,0,0,0,0,0,0,17.1,239
15,Odell Beckham Jr.,NYG,WR,12,124,77,62.1,1052,6,51,8.5,13.7,5,19,3.8,0,2,1,19.2,230.34
16,Tyler Lockett,SEA,WR,16,71,57,80.3,965,10,52,13.6,16.9,13,69,5.3,0,2,0,13.9,222.4
17,Tyler Boyd,CIN,WR,14,108,76,70.4,1028,7,49,9.5,13.5,2,3,1.5,0,0,0,15.8,221.1
18,Jarvis Landry,CLE,WR,16,149,81,54.4,976,4,51,6.6,12,3,60,20,1,1,1,13.6,217.12
19,Amari Cooper,DAL,WR,15,107,75,70.1,1004,7,90,9.4,13.4,2,20,10,0,2,2,14.4,215.4
20,Julian Edelman,NE,WR,12,108,74,68.5,850,6,36,7.9,11.5,9,107,11.9,0,1,0,17.3,207.42
21,Kenny Golladay,DET,WR,15,119,70,58.8,1063,5,60,8.9,15.2,1,8,8,0,1,0,13.8,207.1
22,Calvin Ridley,ATL,WR,16,92,64,69.6,821,10,75,8.9,12.8,6,27,4.5,0,2,1,12.9,206.8
23,Emmanuel Sanders,DEN,WR,12,98,71,72.4,868,4,64,8.9,12.2,4,53,13.2,1,1,0,16.5,198.22
24,Adam Humphries,TB,WR,16,105,76,72.4,816,5,51,7.8,10.7,2,11,5.5,0,2,0,11.8,188.7
25,Larry Fitzgerald,ARI,WR,16,112,69,61.6,734,6,37,6.6,10.6,0,0,0,0,0,0,11.6,185.68
26,Alshon Jeffery,PHI,WR,13,92,65,70.7,843,6,52,9.2,13,0,0,0,0,1,0,14.3,185.3
27,Chris Godwin,TB,WR,16,95,59,62.1,842,7,48,8.9,14.3,0,0,0,0,4,1,11.6,185.2
28,Corey Davis,TEN,WR,16,112,65,58,891,4,51,8,13.7,6,55,9.2,0,1,0,11.5,183.6
29,Golden Tate,PHI,WR,15,113,74,65.5,795,4,67,7,10.7,4,34,8.5,0,2,0,12.2,182.9
30,Sterling Shepard,NYG,WR,16,107,66,61.7,872,4,58,8.1,13.2,3,33,11,0,1,0,11.4,182.5
31,Mohamed Sanu,ATL,WR,16,94,66,70.2,838,4,44,8.9,12.7,7,44,6.3,0,2,1,11.4,182.4
32,Mike Williams,LAC,WR,16,66,43,65.2,664,10,55,10.1,15.4,7,28,4,1,0,0,11.3,180.2
33,Dede Westbrook,JAX,WR,16,101,66,65.3,717,5,61,7.1,10.9,9,98,10.9,0,3,2,10.8,173.5
34,Nelson Agholor,PHI,WR,16,97,64,66,736,4,83,7.6,11.5,3,32,10.7,0,1,0,10.3,165.4
35,Zay Jones,BUF,WR,16,102,56,54.9,652,7,57,6.4,11.6,1,0,0,0,1,0,10.3,165.2
36,DJ Moore,CAR,WR,16,82,55,67.1,788,2,82,9.6,14.3,13,172,13.2,0,4,3,9.8,157
37,Demaryius Thomas,HOU,WR,15,89,59,66.3,677,5,45,7.6,11.5,0,0,0,0,0,0,10.4,156.7
37,Jordy Nelson,LV,WR,15,88,63,71.6,739,3,66,8.4,11.7,1,-2,-2,0,1,0,10.4,156.7
39,Robbie Chosen,NYJ,WR,14,93,50,53.8,752,6,76,8.1,15,2,-8,-4,0,2,2,11.2,156.4
40,Allen Robinson II,CHI,WR,13,94,55,58.5,754,4,43,8,13.7,1,9,9,0,1,1,11.8,153.3
41,Taylor Gabriel,CHI,WR,16,93,67,72,688,2,54,7.4,10.3,9,61,6.8,0,1,1,9.5,151.9
42,DeSean Jackson,TB,WR,12,74,41,55.4,774,4,75,10.5,18.9,6,29,4.8,1,0,0,12.6,151.3
43,Cole Beasley,DAL,WR,16,86,65,75.6,672,3,32,7.8,10.3,0,0,0,0,0,0,9.4,150.2
44,A.J. Green,CIN,WR,9,77,46,59.7,694,6,38,9,15.1,0,0,0,0,2,1,16.6,149.4
45,John Brown,BAL,WR,16,97,42,43.3,715,5,71,7.4,17,3,4,1.3,0,0,0,9,143.9
46,Doug Baldwin,SEA,WR,13,73,50,68.5,618,5,42,8.5,12.4,0,0,0,0,0,0,10.9,141.8
47,Josh Gordon,NE,WR,12,71,41,57.7,737,4,55,10.4,18,0,0,0,0,0,0,11.6,138.7
48,Tyrell Williams,LAC,WR,16,65,41,63.1,653,5,75,10,15.9,2,15,7.5,0,2,0,8.6,137.8
49,Curtis Samuel,CAR,WR,13,65,39,60,494,5,53,7.6,12.7,8,84,10.5,2,1,1,10.5,136.8
50,Courtland Sutton,DEN,WR,16,84,42,50,704,4,42,8.4,16.8,1,-1,-1,0,0,0,8.5,136.3
51,Cooper Kupp,LAR,WR,8,56,40,71.4,566,6,70,10.1,14.2,4,25,6.2,0,0,0,16.9,135.1
52,Kenny Stills,MIA,WR,15,64,37,57.8,553,6,75,8.6,14.9,0,0,0,0,1,0,9,134.42
53,Willie Snead IV,BAL,WR,16,95,62,65.3,651,1,28,6.9,10.5,1,13,13,0,0,0,8.4,134.4
54,Michael Crabtree,BAL,WR,16,100,54,54,607,3,27,6.1,11.2,0,0,0,0,0,0,8.3,132.7
55,Antonio Callaway,CLE,WR,16,78,43,55.1,586,5,71,7.5,13.6,2,7,3.5,0,1,1,8.3,132.3
56,Donte Moncrief,JAX,WR,16,89,48,53.9,668,3,80,7.5,13.9,0,0,0,0,1,1,8.2,130.8
57,Danny Amendola,MIA,WR,15,79,59,74.7,575,1,39,7.3,9.7,1,-2,-2,0,2,0,8.5,127.42
58,Christian Kirk,ARI,WR,12,68,43,63.2,590,3,75,8.7,13.7,3,35,11.7,0,0,0,10.3,123.5
59,Anthony Miller,CHI,WR,15,54,33,61.1,423,7,55,7.8,12.8,6,26,4.3,0,1,0,8,120.22
60,Rashard Higgins,CLE,WR,13,54,39,72.2,572,4,40,10.6,14.7,0,0,0,0,2,1,9.1,118.2
61,Chester Rogers,IND,WR,16,72,53,73.6,485,2,34,6.7,9.2,1,-4,-4,0,1,0,7.3,117.1
62,Marvin Jones Jr.,DET,WR,9,62,35,56.5,508,5,39,8.2,14.5,0,0,0,0,0,0,12.9,115.8
63,Sammy Watkins,KC,WR,10,55,40,72.7,519,3,50,9.4,13,5,52,10.4,0,1,0,11.5,115.1
64,Kendrick Bourne,SF,WR,16,66,42,63.6,487,4,33,7.4,11.6,0,0,0,0,1,0,7.2,114.7
65,Marquez Valdes-Scantling,GB,WR,16,72,38,52.8,581,2,60,8.1,15.3,2,29,14.5,0,0,0,6.9,111
66,Josh Doctson,WAS,WR,15,79,44,55.7,532,2,32,6.7,12.1,0,0,0,0,0,0,7.3,109.2
67,Seth Roberts,LV,WR,15,65,45,69.2,494,2,44,7.6,11,3,5,1.7,0,0,0,7.1,106.9
68,William Fuller V,HOU,WR,7,45,32,71.1,503,4,73,11.2,15.7,0,0,0,0,0,0,15.2,106.3
69,Chris Hogan,NE,WR,16,55,35,63.6,532,3,63,9.7,15.2,0,0,0,0,0,0,6.6,106.2
70,Dante Pettis,SF,WR,12,45,27,60,467,5,75,10.4,17.3,1,-2,-2,0,2,0,8.6,103.5
71,David Moore,SEA,WR,16,53,26,49.1,445,5,54,8.4,17.1,1,5,5,0,2,0,6.3,101
72,Tre'Quan Smith,NO,WR,15,44,28,63.6,427,5,62,9.7,15.2,0,0,0,0,0,0,6.7,100.7
73,Josh Reynolds,LAR,WR,16,53,29,54.7,402,5,33,7.6,13.9,2,8,4,0,0,0,6.2,100
74,Robert Foster,BUF,WR,13,44,27,61.4,541,3,75,12.3,20,0,0,0,0,0,0,7.6,99.1
75,Michael Gallup,DAL,WR,16,68,33,48.5,507,2,49,7.5,15.4,0,0,0,0,0,0,6.1,97.7
76,Jarius Wright,CAR,WR,16,59,43,72.9,447,1,33,7.6,10.4,2,39,19.5,0,3,1,6.1,97.6
77,Albert Wilson,MIA,WR,7,35,26,74.3,391,4,75,11.2,15,8,16,2,0,0,0,13.8,96.78
78,Chris Conley,KC,WR,16,52,32,61.5,334,5,27,6.4,10.4,0,0,0,0,2,2,5.7,91.4
79,Keelan Cole Sr.,JAX,WR,16,70,38,54.3,491,1,35,7,12.9,0,0,0,0,2,2,5.6,89.1
80,Taywan Taylor,TEN,WR,13,56,37,66.1,466,1,55,8.3,12.6,0,0,0,0,1,1,6.7,87.6
81,Marquise Goodwin,SF,WR,11,43,23,53.5,395,4,67,9.2,17.2,4,9,2.2,0,1,0,7.9,87.4
82,Quincy Enunwa,NYJ,WR,11,69,38,55.1,449,1,42,6.5,11.8,1,0,0,0,2,1,7.9,86.9
83,Randall Cobb,GB,WR,9,61,38,62.3,383,2,75,6.3,10.1,0,0,0,0,2,1,9.6,86.3
84,John Ross,CIN,WR,13,58,21,36.2,210,7,39,3.6,10,4,9,2.2,0,0,0,6.5,84.9
85,Jamison Crowder,WAS,WR,9,50,29,58,388,2,79,7.8,13.4,4,30,7.5,0,0,0,9.2,82.8
86,Phillip Dorsett,NE,WR,16,42,32,76.2,290,3,20,6.9,9.1,4,29,7.2,0,0,0,5.1,81.9
87,Jermaine Kearse,NYJ,WR,14,76,37,48.7,371,1,29,4.9,10,0,0,0,0,0,0,5.7,80.1
88,Dontrelle Inman,IND,WR,9,39,28,71.8,304,3,29,7.8,10.9,0,0,0,0,0,0,8.5,76.4
89,Demarcus Robinson,KC,WR,16,33,22,66.7,288,4,89,8.7,13.1,0,0,0,0,0,0,4.7,74.8
90,Ryan Grant,IND,WR,14,51,35,68.6,334,1,23,6.5,9.5,0,0,0,0,0,0,5.3,74.4
91,Ty Montgomery,BAL,WR,13,40,25,62.5,235,0,43,5.9,9.4,41,188,4.6,1,2,1,5.5,71.3
92,Tajae Sharpe,TEN,WR,16,47,26,55.3,316,2,28,6.7,12.2,1,16,16,0,0,0,4.4,71.2
92,Laquon Treadwell,MIN,WR,15,53,35,66,302,1,22,5.7,8.6,0,0,0,0,0,0,4.7,71.2
94,Aldrick Robinson,MIN,WR,14,35,17,48.6,231,5,40,6.6,13.6,0,0,0,0,0,0,5,70.1
95,Ryan Switzer,PIT,WR,16,44,36,81.8,253,1,24,5.8,7,6,21,3.5,0,2,0,4.3,69.4
96,Kelvin Benjamin,KC,WR,15,67,25,37.3,380,1,40,5.7,15.2,0,0,0,0,0,0,4.6,69
97,Zach Pascal,IND,WR,16,46,27,58.7,268,2,28,5.8,9.9,2,10,5,0,0,0,4.2,66.8
98,DaeSean Hamilton,DEN,WR,14,46,30,65.2,243,2,24,5.3,8.1,0,0,0,0,0,0,4.7,66.3
99,Keke Coutee,HOU,WR,6,41,28,68.3,287,1,40,7,10.2,3,0,0,0,0,0,10.4,62.7
100,Geronimo Allison,GB,WR,5,30,20,66.7,303,2,64,10.1,15.2,0,0,0,0,1,0,12.5,62.3
101,Breshad Perriman,CLE,WR,10,25,16,64,340,2,66,13.6,21.2,4,2,0.5,0,0,0,6.2,62.2
102,Allen Hurns,DAL,WR,16,36,20,55.6,295,2,49,8.2,14.8,0,0,0,0,1,0,3.8,61.5
103,DeVante Parker,MIA,WR,11,47,24,51.1,309,1,46,6.6,12.9,0,0,0,0,0,0,5.5,60.9
104,Jaron Brown,SEA,WR,15,20,14,70,166,5,45,8.3,11.9,0,0,0,0,0,0,4,60.6
105,Jakeem Grant Sr.,MIA,WR,10,34,21,61.8,268,2,52,7.9,12.8,1,5,5,0,0,0,6,60.3
106,Tim Patrick IR,DEN,WR,16,41,23,56.1,315,1,26,7.7,13.7,3,17,5.7,0,2,1,3.8,60.2
107,Bruce Ellington,DET,WR,7,42,31,73.8,224,1,23,5.3,7.2,1,2,2,0,1,0,8.5,59.6
108,Maurice Harris,WAS,WR,12,47,28,59.6,304,0,42,6.5,10.9,2,10,5,0,1,0,5,59.4
109,Paul Richardson,WAS,WR,7,35,20,57.1,262,2,46,7.5,13.1,2,9,4.5,0,0,0,8.4,59.1
110,Pierre Garcon,SF,WR,8,45,24,53.3,286,1,25,6.4,11.9,0,0,0,0,0,0,7.3,58.6
111,Trent Taylor,SF,WR,14,41,26,63.4,215,1,23,5.2,8.3,0,0,0,0,1,0,4,55.5
112,Equanimeous St. Brown,GB,WR,12,36,21,58.3,328,0,54,9.1,15.6,1,5,5,0,0,0,4.5,54.3
113,Terrelle Pryor,BUF,WR,8,30,16,53.3,252,2,44,8.4,15.8,1,-1,-1,0,0,0,6.6,53.1
114,Ted Ginn Jr.,NO,WR,5,30,17,56.7,209,2,42,7,12.3,3,26,8.7,0,1,1,10.5,52.5
114,Isaiah McKenzie,BUF,WR,8,30,18,60,179,0,23,6,9.9,10,66,6.6,2,2,1,6.6,52.5
116,Torrey Smith,CAR,WR,11,30,17,56.7,190,2,35,6.3,11.2,0,0,0,0,0,0,4.5,50
116,TJ Jones,DET,WR,15,26,19,73.1,190,2,26,7.3,10,0,0,0,0,0,0,3.3,50
118,Chris Moore,BAL,WR,16,25,19,76,196,1,30,7.8,10.3,5,17,3.4,0,0,0,2.9,46.3
119,Trent Sherfield,ARI,WR,13,28,19,67.9,210,1,21,7.5,11.1,0,0,0,0,0,0,3.5,46
120,Keith Kirkwood,NO,WR,8,21,13,61.9,209,2,42,10,16.1,0,0,0,0,0,0,5.7,45.9
120,Martavis Bryant,LV,WR,8,27,19,70.4,266,0,47,9.9,14,3,23,7.7,0,1,1,5.7,45.9
122,James Washington,PIT,WR,14,38,16,42.1,217,1,47,5.7,13.6,0,0,0,0,0,0,3.1,43.7
123,DeAndre Carter,HOU,WR,14,25,22,88,216,0,50,8.6,9.8,1,7,7,0,5,1,3,42.3
124,Bennie Fowler,NYG,WR,10,27,16,59.3,199,1,26,7.4,12.4,0,0,0,0,1,0,4.2,41.9
125,Chad Williams,ARI,WR,10,46,17,37,171,1,22,3.7,10.1,1,9,9,0,0,0,4.1,41
126,Russell Shepard,NYG,WR,12,19,10,52.6,188,2,49,9.9,18.8,0,0,0,0,0,0,3.4,40.8
127,Travis Benjamin,LAC,WR,12,24,12,50,186,1,46,7.8,15.5,7,41,5.9,0,0,0,3.4,40.7
128,Tavon Austin,DAL,WR,7,13,8,61.5,140,2,64,10.8,17.5,6,55,9.2,0,0,0,5.6,39.5
129,Justin Hardy,ATL,WR,16,22,14,63.6,133,2,19,6,9.5,0,0,0,0,1,0,2.5,39.3
130,Brandon LaFell,LV,WR,6,16,12,75,135,2,24,8.4,11.2,0,0,0,0,0,0,6.2,37.5
131,Cody Core,CIN,WR,14,28,13,46.4,160,1,30,5.7,12.3,0,0,0,0,0,0,2.6,37
132,Alex Erickson,CIN,WR,16,29,20,69,167,0,28,5.8,8.4,3,22,7.3,0,1,1,2.3,36.9
133,Marcell Ateman,LV,WR,7,31,15,48.4,154,1,32,5,10.3,0,0,0,0,0,0,5.2,36.4
134,Cody Latimer,NYG,WR,6,16,11,68.8,190,1,39,11.9,17.3,0,0,0,0,0,0,6,36
135,Josh Bellamy,CHI,WR,16,25,14,56,117,1,20,4.7,8.4,0,0,0,0,0,0,2.1,33.7
136,Deonte Thompson,BUF,WR,13,30,17,56.7,161,0,15,5.4,9.5,0,0,0,0,0,0,2.5,33.1
137,Marvin Hall,ATL,WR,16,19,10,52.6,149,1,47,7.8,14.9,2,0,0,0,0,0,1.9,30.9
138,Austin Carr,NO,WR,14,14,9,64.3,97,2,25,6.9,10.8,0,0,0,0,0,0,2.2,30.7
139,Brandon Marshall,NO,WR,7,23,11,47.8,136,1,27,5.9,12.4,0,0,0,0,0,0,4.4,30.6
140,DJ Chark Jr.,JAX,WR,11,32,14,43.8,174,0,38,5.4,12.4,0,0,0,0,1,1,2.7,29.4
141,Andre Holmes,DEN,WR,15,24,13,54.2,162,0,24,6.8,12.5,0,0,0,0,0,0,1.9,29.2
142,Michael Floyd,WAS,WR,13,24,10,41.7,100,1,20,4.2,10,0,0,0,0,0,0,2.2,28
143,Damion Ratley,CLE,WR,13,20,13,65,144,0,27,7.2,11.1,0,0,0,0,0,0,2.1,27.4
144,Richie James,SF,WR,13,14,9,64.3,130,1,53,9.3,14.4,0,0,0,0,2,1,2,26
145,Andy Jones,DET,WR,7,24,11,45.8,80,1,15,3.3,7.3,0,0,0,0,0,0,3.6,25
146,Cameron Meredith,NO,WR,6,10,9,90,114,1,46,11.4,12.7,0,0,0,0,1,1,4.1,24.4
147,Jake Kumerow,GB,WR,5,11,8,72.7,103,1,49,9.4,12.9,0,0,0,0,0,0,4.9,24.3
147,Deontay Burnett,NYJ,WR,5,15,10,66.7,143,0,29,9.5,14.3,0,0,0,0,0,0,4.9,24.3
147,Brandon Powell,DET,WR,6,17,11,64.7,129,0,41,7.6,11.7,1,4,4,0,0,0,4,24.3
150,Andre Roberts,NYJ,WR,16,18,10,55.6,79,1,20,4.4,7.9,2,20,10,0,3,1,1.5,23.9
151,Trey Quinn,WAS,WR,3,10,9,90,75,1,15,7.5,8.3,1,0,0,0,0,0,7.5,22.5
152,Darius Jennings,TEN,WR,16,15,11,73.3,101,0,36,6.7,9.2,1,2,2,0,0,0,1.4,22.14
153,Marcus Johnson,IND,WR,5,8,6,75,102,1,34,12.8,17,1,-2,-2,0,0,0,4.4,22
154,Eli Rogers,PIT,WR,3,14,12,85.7,79,0,17,5.6,6.6,1,-4,-4,0,1,0,7.2,21.5
155,Vyncint Smith,HOU,WR,7,10,5,50,91,1,35,9.1,18.2,0,0,0,0,0,0,2.9,20.1
156,Leonte Carroo,MIA,WR,9,4,2,50,94,1,74,23.5,47,1,14,14,0,0,0,2.1,18.8
157,Brice Butler,MIA,WR,8,10,6,60,60,1,23,6,10,0,0,0,0,0,0,2.2,18
158,Cameron Batson,TEN,WR,11,11,8,72.7,82,0,26,7.5,10.2,1,1,1,0,1,0,1.5,16.3
159,Tommylee Lewis,NO,WR,7,3,3,100,60,1,28,20,20,2,10,5,0,1,1,2,14
160,Jamal Agnew,DET,WR,6,0,0,0,0,0,0,0,0,1,17,17,0,1,0,2.3,13.7
161,J.J. Nelson,ARI,WR,14,19,7,36.8,64,0,17,3.4,9.1,4,0,0,0,0,0,1,13.4
162,Kevin White,CHI,WR,9,8,4,50,92,0,54,11.5,23,0,0,0,0,0,0,1.5,13.2
163,Corey Coleman,NYG,WR,8,8,5,62.5,71,0,30,8.9,14.2,1,5,5,0,0,0,1.6,12.6
164,De'Anthony Thomas,KC,WR,5,5,3,60,29,1,15,5.8,9.7,1,6,6,0,1,0,2.5,12.5
165,Russell Gage O,ATL,WR,15,10,6,60,63,0,22,6.3,10.5,0,0,0,0,0,0,0.8,12.3
166,Kamar Aiken,PHI,WR,5,7,6,85.7,53,0,18,7.6,8.8,0,0,0,0,0,0,2.3,11.3
167,Dwayne Harris,LV,WR,15,6,6,100,40,0,13,6.7,6.7,2,12,6,0,1,0,0.7,11.2
168,Neal Sterling,NYJ,WR,5,8,6,75,47,0,12,5.9,7.8,0,0,0,0,0,0,2.1,10.7
169,Noah Brown,DAL,WR,8,8,5,62.5,54,0,22,6.8,10.8,0,0,0,0,0,0,1.3,10.4
170,Rashad Greene,JAX,WR,8,8,6,75,60,0,12,7.5,10,0,0,0,0,2,1,1.2,10
171,Jesus Wilson,TB,WR,5,5,4,80,52,0,25,10.4,13,0,0,0,0,0,0,1.8,9.2
172,Derrick Willies,CLE,WR,5,5,3,60,61,0,39,12.2,20.3,0,0,0,0,1,0,1.8,9.1
173,Jawill Davis,NYG,WR,7,8,4,50,40,0,22,5,10,0,0,0,0,0,0,1.1,8
174,Chad Beebe,MIN,WR,3,4,4,100,39,0,18,9.8,9.8,0,0,0,0,0,0,2.6,7.9
175,Auden Tate,CIN,WR,4,12,4,33.3,35,0,15,2.9,8.8,0,0,0,0,0,0,1.9,7.5
176,Rishard Matthews,NYJ,WR,8,9,5,55.6,24,0,7,2.7,4.8,0,0,0,0,0,0,0.9,7.4
177,Javon Wims,CHI,WR,4,5,4,80,32,0,16,6.4,8,0,0,0,0,0,0,1.8,7.2
178,Ray-Ray McCloud III O,BUF,WR,10,6,5,83.3,36,0,16,6,7.2,2,4,2,0,2,1,0.7,7
179,Jalen Tolliver,ARI,WR,3,6,3,50,37,0,15,6.2,12.3,0,0,0,0,0,0,2.2,6.7
180,Shelton Gibson,PHI,WR,15,3,1,33.3,48,0,48,16,48,0,0,0,0,0,0,0.4,5.8
181,Justin Hunter,PIT,WR,5,13,3,23.1,21,0,12,1.6,7,0,0,0,0,0,0,1,5.1
182,Brian Quick,WAS,WR,6,3,3,100,18,0,6,6,6,0,0,0,0,0,0,0.8,4.8
183,Charone Peake,NYJ,WR,13,3,2,66.7,25,0,14,8.3,12.5,0,0,0,0,0,0,0.3,4.5
184,Malik Turner,SEA,WR,6,3,2,66.7,20,0,19,6.7,10,0,0,0,0,0,0,0.7,4
185,Terrance Williams,DAL,WR,3,3,2,66.7,18,0,12,6,9,0,0,0,0,0,0,1.3,3.8
186,KhaDarel Hodge,LAR,WR,13,3,2,66.7,17,0,14,5.7,8.5,0,0,0,0,0,0,0.3,3.7
186,Nick Williams,LAR,WR,4,4,2,50,17,0,11,4.2,8.5,0,0,0,0,0,0,0.9,3.7
188,River Cracraft,DEN,WR,8,2,1,50,44,0,44,22,44,0,0,0,0,1,1,0.4,3.4
189,Brandon Zylstra,MIN,WR,16,2,1,50,23,0,23,11.5,23,0,0,0,0,0,0,0.2,3.3
190,Gehrig Dieter,KC,WR,4,3,1,33.3,22,0,22,7.3,22,0,0,0,0,0,0,0.8,3.2
191,Brendan Langley,DEN,WR,5,0,0,0,0,0,0,0,0,0,0,0,0,1,0,0.6,3
192,Jeremy Kerley,BUF,WR,1,4,2,50,7,0,4,1.8,3.5,0,0,0,0,0,0,2.7,2.7
193,Tim White,BAL,WR,3,1,1,100,14,0,14,14,14,0,0,0,0,1,0,0.8,2.4
194,Sammie Coates,HOU,WR,12,2,1,50,12,0,12,6,12,0,0,0,0,0,0,0.2,2.2
194,Josh Malone,CIN,WR,9,5,1,20,12,0,12,2.4,12,0,0,0,0,0,0,0.2,2.2
196,Victor Bolden,BUF,WR,6,4,1,25,10,0,10,2.5,10,0,0,0,0,0,0,0.3,2
197,Cam Phillips,BUF,WR,2,1,1,100,9,0,9,9,9,0,0,0,0,0,0,1,1.9
198,Damiere Byrd IR,CAR,WR,8,2,1,50,8,0,8,4,8,0,0,0,0,0,0,0.2,1.8
198,Keon Hatcher,LV,WR,3,2,1,50,8,0,8,4,8,0,0,0,0,0,0,0.6,1.8
198,Darvin Kidsy,WAS,WR,1,2,1,50,8,0,8,4,8,0,0,0,0,0,0,1.8,1.8
201,Marcus Kemp,KC,WR,16,2,1,50,7,0,7,3.5,7,0,0,0,0,0,0,0.1,1.7
201,Allen Lazard,GB,WR,1,1,1,100,7,0,7,7,7,0,0,0,0,0,0,1.7,1.7
203,Justin Watson,TB,WR,12,3,1,33.3,5,0,5,1.7,5,0,0,0,0,0,0,0.1,1.5
203,J'Mon Moore,GB,WR,12,3,2,66.7,15,0,10,5,7.5,0,0,0,0,1,1,0.1,1.5
205,Jehu Chesson,WAS,WR,6,2,1,50,7,0,7,3.5,7,1,-4,-4,0,0,0,0.2,1.3
206,Darrius Heyward-Bey,PIT,WR,14,2,1,50,9,0,9,4.5,9,1,-7,-7,0,0,0,0.1,1.2
207,Mike Wallace,PHI,WR,2,3,0,0,0,0,0,0,0,0,0,0,0,0,0,0,0
207,Markus Wheaton,PHI,WR,1,0,0,0,0,0,0,0,0,0,0,0,0,0,0,0,0
207,Matthew Slater,NE,WR,16,0,0,0,0,0,0,0,0,0,0,0,0,0,0,0,0
207,Freddie Martino,TB,WR,4,1,0,0,0,0,0,0,0,0,0,0,0,0,0,0,0
207,Tanner McEvoy,MIA,WR,2,0,0,0,0,0,0,0,0,0,0,0,0,0,0,0,0
207,Jaydon Mickens,JAX,WR,6,0,0,0,0,0,0,0,0,0,0,0,0,1,0,0,0
207,Stacy Coley,NYG,WR,3,1,0,0,0,0,0,0,0,0,0,0,0,1,0,0,0
207,Cam Sims,WAS,WR,1,0,0,0,0,0,0,0,0,0,0,0,0,0,0,0,0
207,Janarion Grant,BAL,WR,2,0,0,0,0,0,0,0,0,0,0,0,0,2,0,0,0
207,Bradley Marquez,DET,WR,1,0,0,0,0,0,0,0,0,0,0,0,0,0,0,0,0
207,Pharoh Cooper,ARI,WR,7,1,0,0,0,0,0,0,0,0,0,0,0,1,0,0,0
207,Mike Thomas,LAR,WR,1,0,0,0,0,0,0,0,0,0,0,0,0,0,0,0,0
207,Geremy Davis,LAC,WR,14,1,0,0,0,0,0,0,0,0,0,0,0,0,0,0,0
207,Keenan Reynolds,SEA,WR,2,0,0,0,0,0,0,0,0,0,0,0,0,0,0,0,0
207,Brandon Tate,NO,WR,1,0,0,0,0,0,0,0,0,0,0,0,0,1,0,0,0
207,Cayleb Jones,MIN,WR,1,0,0,0,0,0,0,0,0,0,0,0,0,0,0,0,0
207,Quadree Henderson,NYG,WR,5,0,0,0,0,0,0,0,0,0,0,0,0,0,0,0,0
207,Da'Mari Scott,BUF,WR,3,0,0,0,0,0,0,0,0,0,0,0,0,0,0,0,0
207,Tony Lippett,NYG,WR,3,0,0,0,0,0,0,0,0,0,0,0,0,0,0,0,0
207,Lance Lenoir,DAL,WR,7,0,0,0,0,0,0,0,0,0,0,0,0,0,0,0,0
207,Trevor Davis,GB,WR,2,0,0,0,0,0,0,0,0,0,0,0,0,0,0,0,0
207,Saeed Blacknall,LV,WR,1,0,0,0,0,0,0,0,0,0,0,0,0,0,0,0,0
207,Johnny Holton,LV,WR,1,1,0,0,0,0,0,0,0,0,0,0,0,0,0,0,0
207,Isaiah Ford,MIA,WR,1,1,0,0,0,0,0,0,0,0,0,0,0,0,0,0,0
207,Chris Lacy,DET,WR,1,1,0,0,0,0,0,0,0,0,0,0,0,0,0,0,0
207,Steven Dunbar,SF,WR,1,0,0,0,0,0,0,0,0,0,0,0,0,0,0,0,0
233,JJ Jones,NYJ,WR,4,1,1,100,3,0,3,3,3,1,0,0,0,2,1,-0.2,-0.7
234,Rod Streater,CLE,WR,3,0,0,0,0,0,0,0,0,1,-11,-11,0,0,0,-0.4,-1.1
235,Kaelin Clay,NYG,WR,2,0,0,0,0,0,0,0,0,0,0,0,0,1,1,-1,-2
235,Riley McCarron,NE,WR,1,1,0,0,0,0,0,0,0,0,0,0,0,1,1,-2,-2
235,JoJo Natson,LAR,WR,13,0,0,0,0,0,0,0,0,,,,,,,,
,,,,,,,,,,,,,,,,,,,,
,,,,,,,,,,,,,,,,,,,,
2019,,,,,,,,,,,,,,,,,,,,
,,,,,,,,,,,,,,,,,,,,
1,Michael Thomas,NO,WR,16,185,149,80.5,1725,9,49,9.3,11.6,1,-9,-9,0,1,0,23.4,374.6
2,Chris Godwin,TB,WR,14,120,86,71.7,1333,9,71,11.1,15.5,1,8,8,0,0,0,19.7,276.1
3,Julio Jones,ATL,WR,15,157,99,63.1,1394,6,54,8.9,14.1,2,-3,-1.5,0,1,0,18.3,274.1
4,Cooper Kupp,LAR,WR,16,134,94,70.1,1161,10,66,8.7,12.4,2,4,2,0,3,0,16.9,270.5
5,DeAndre Hopkins,HOU,WR,15,150,104,69.3,1165,7,43,7.8,11.2,2,18,9,0,0,0,17.9,268.54
6,Keenan Allen,LAC,WR,16,149,104,69.8,1199,6,45,8,11.5,3,16,5.3,0,0,0,16.3,261.5
7,Julian Edelman,NE,WR,16,153,100,65.4,1117,6,44,7.3,11.2,8,27,3.4,0,3,1,16,256.28
8,Allen Robinson II,CHI,WR,16,154,98,63.6,1147,7,49,7.4,11.7,1,2,2,0,0,0,15.9,254.9
9,Kenny Golladay,DET,WR,16,116,65,56,1190,11,75,10.3,18.3,0,0,0,0,1,1,15.5,248
10,Amari Cooper,DAL,WR,16,119,79,66.4,1189,8,53,10,15.1,1,6,6,0,0,0,15.4,246.5
11,DeVante Parker,MIA,WR,16,128,72,56.2,1202,9,51,9.4,16.7,0,0,0,0,0,0,15.4,246.2
12,Jarvis Landry,CLE,WR,16,138,83,60.1,1174,6,65,8.5,14.1,1,10,10,0,0,0,14.8,237.4
13,Tyler Lockett,SEA,WR,16,110,82,74.5,1057,8,44,9.6,12.9,4,-5,-1.2,0,1,0,14.7,235.2
14,Robert Woods,LAR,WR,15,139,90,64.7,1134,2,48,8.2,12.6,17,115,6.8,1,0,0,15.5,232.9
15,Mike Evans,TB,WR,13,118,67,56.8,1157,8,67,9.8,17.3,0,0,0,0,0,0,17.9,232.7
16,DJ Moore,CAR,WR,15,135,87,64.4,1175,4,52,8.7,13.5,6,40,6.7,0,2,1,15.4,230.5
17,DJ Chark Jr.,JAX,WR,15,118,73,61.9,1008,8,69,8.5,13.8,2,20,10,0,0,0,15.1,225.8
18,Tyler Boyd,CIN,WR,16,147,90,61.2,1046,5,47,7.1,11.6,4,23,5.8,0,2,2,13.9,222.9
19,Courtland Sutton,DEN,WR,16,125,72,57.6,1112,6,70,8.9,15.4,3,17,5.7,0,2,0,13.9,222.42
20,John Brown,BUF,WR,15,115,72,62.6,1060,6,53,9.2,14.7,2,7,3.5,0,0,0,14.7,219.82
21,A.J. Brown,TEN,WR,16,84,52,61.9,1051,8,91,12.5,20.2,3,60,20,1,1,0,13.6,217.1
22,Michael Gallup,DAL,WR,14,112,66,58.9,1107,6,62,9.9,16.8,0,0,0,0,0,0,15.2,212.7
22,Davante Adams,GB,WR,12,127,83,65.4,997,5,58,7.9,12,0,0,0,0,2,1,17.7,212.7
24,Stefon Diggs,MIN,WR,15,94,63,67,1130,6,66,12,17.9,5,61,12.2,0,4,3,14.1,212.1
25,Odell Beckham Jr.,CLE,WR,16,133,74,55.6,1035,4,89,7.8,14,3,10,3.3,0,1,1,12.6,201.3
26,Jamison Crowder,NYJ,WR,16,122,78,63.9,833,6,41,6.8,10.7,1,4,4,0,0,0,12.4,197.7
27,Calvin Ridley,ATL,WR,13,93,63,67.7,866,7,36,9.3,13.7,2,34,17,0,0,0,15.2,197
28,Marvin Jones Jr.,DET,WR,13,92,62,67.4,779,9,47,8.5,12.6,2,0,0,0,0,0,14.9,193.9
29,Terry McLaurin,WAS,WR,14,93,58,62.4,919,7,75,9.9,15.8,0,0,0,0,0,0,13.7,191.9
30,Emmanuel Sanders,SF,WR,17,97,66,68,869,5,75,9,13.2,0,0,0,0,0,0,11.2,190.3
31,Deebo Samuel,SF,WR,15,81,57,70.4,802,3,42,9.9,14.1,14,159,11.4,3,2,1,12.6,189.1
32,Tyreek Hill,KC,WR,12,89,58,65.2,860,7,57,9.7,14.8,8,23,2.9,0,0,0,15.7,188.3
33,DK Metcalf,SEA,WR,16,100,58,58,900,7,54,9,15.5,2,11,5.5,0,3,3,11.7,187.1
34,Cole Beasley,BUF,WR,15,104,67,64.4,778,6,51,7.5,11.6,0,0,0,0,0,0,12.3,184.8
35,Larry Fitzgerald,ARI,WR,16,109,75,68.8,804,4,54,7.4,10.7,0,0,0,0,1,1,11.1,177.4
36,Curtis Samuel,CAR,WR,16,106,54,50.9,627,6,44,5.9,11.6,19,130,6.8,1,0,0,10.7,171.7
37,Darius Slayton,NYG,WR,14,83,48,57.8,740,8,55,8.9,15.4,0,0,0,0,0,0,12.1,170
38,Christian Kirk,ARI,WR,13,107,68,63.6,709,3,69,6.6,10.4,10,93,9.3,0,0,0,12.9,168.2
39,Robbie Chosen,NYJ,WR,16,96,52,54.2,779,5,92,8.1,15,1,4,4,0,1,0,10.1,162.3
40,Mike Williams,LAC,WR,15,90,49,54.4,1001,2,56,11.1,20.4,1,2,2,0,0,0,10.8,161.3
41,Diontae Johnson,PIT,WR,16,92,59,64.1,680,5,45,7.4,11.5,4,41,10.2,0,5,2,9.8,157.1
42,Dede Westbrook,JAX,WR,15,101,66,65.3,660,3,39,6.5,10,5,27,5.4,0,1,0,10.4,156.7
43,Chris Conley,JAX,WR,16,90,47,52.2,775,5,70,8.6,16.5,0,0,0,0,0,0,9.8,156.5
44,Randall Cobb,DAL,WR,15,83,55,66.3,828,3,59,10,15.1,3,11,3.7,0,2,1,10.3,154.9
45,Golden Tate,NYG,WR,11,85,49,57.6,676,6,64,8,13.8,1,16,16,0,1,1,13.8,152.2
46,Marquise Brown,BAL,WR,14,71,46,64.8,584,7,83,8.2,12.7,0,0,0,0,0,0,10.5,146.4
47,Tyrell Williams,LV,WR,14,64,42,65.6,651,6,46,10.2,15.5,0,0,0,0,0,0,10.2,143.1
48,Sterling Shepard,NYG,WR,10,83,57,68.7,576,3,36,6.9,10.1,6,72,12,0,0,0,14.2,141.8
49,Danny Amendola,DET,WR,15,96,62,64.6,678,1,47,7.1,10.9,0,0,0,0,0,0,9.4,140.56
50,Sammy Watkins,KC,WR,14,90,52,57.8,673,3,68,7.5,12.9,2,12,6,0,2,1,9.9,138.5
51,Breshad Perriman,TB,WR,14,70,36,51.4,645,6,44,9.2,17.9,2,16,8,0,0,0,9.9,138.1
52,Zach Pascal,IND,WR,16,72,41,56.9,607,5,37,8.4,14.8,2,16,8,0,0,0,8.5,135.3
53,William Fuller V,HOU,WR,11,71,49,69,670,3,54,9.4,13.7,0,0,0,0,1,0,12.2,134
54,James Washington,PIT,WR,15,80,44,55,735,3,79,9.2,16.7,0,0,0,0,1,1,8.9,133.5
54,Hunter Renfrow,LV,WR,13,71,49,69,605,4,65,8.5,12.3,0,0,0,0,1,0,10.3,133.5
56,Anthony Miller,CHI,WR,16,85,52,61.2,656,2,35,7.7,12.6,1,-1,-1,0,1,1,8,127.5
57,T.Y. Hilton,IND,WR,10,68,45,66.2,501,5,35,7.4,11.1,0,0,0,0,0,0,12.5,125.1
58,Mohamed Sanu,NE,WR,15,89,59,66.3,520,2,28,5.8,8.8,3,11,3.7,0,0,0,8.3,124.1
59,Alshon Jeffery,PHI,WR,10,73,43,58.9,490,4,38,6.7,11.4,1,2,2,1,0,0,12.2,122.2
60,Kenny Stills,HOU,WR,13,55,40,72.7,561,4,45,10.2,14,0,0,0,0,0,0,9.2,120.1
61,Brandin Cooks,LAR,WR,14,72,42,58.3,583,2,57,8.1,13.9,6,52,8.7,0,0,0,8.4,117.5
62,Corey Davis,TEN,WR,15,69,43,62.3,601,2,38,8.7,14,0,0,0,0,1,0,7.7,115.1
63,Adam Thielen,MIN,WR,10,48,30,62.5,418,6,44,8.7,13.9,4,6,1.5,1,0,0,11.4,114.4
64,Mecole Hardman Jr.,KC,WR,16,41,26,63.4,538,6,83,13.1,20.7,4,17,4.2,0,2,2,7.1,113.5
65,JuJu Smith-Schuster,PIT,WR,12,71,42,59.2,552,3,76,7.8,13.1,0,0,0,0,1,1,9.4,113.2
66,Steven Sims,WAS,WR,16,56,34,60.7,310,4,65,5.5,9.1,9,85,9.4,1,1,0,6.5,103.5
67,Allen Lazard,GB,WR,12,52,35,67.3,477,3,43,9.2,13.6,1,21,21,0,0,0,8.6,102.8
68,Auden Tate,CIN,WR,12,80,40,50,575,1,33,7.2,14.4,0,0,0,0,1,1,8.5,101.5
69,Demarcus Robinson,KC,WR,16,55,32,58.2,449,4,44,8.2,14,0,0,0,0,0,0,6.3,100.9
70,Phillip Dorsett,NE,WR,14,54,29,53.7,397,5,58,7.4,13.7,3,21,7,0,0,0,7.2,100.8
71,Russell Gage O,ATL,WR,16,74,49,66.2,446,1,19,6,9.1,4,12,3,0,1,1,6.2,98.8
72,Kendrick Bourne,SF,WR,16,44,30,68.2,358,5,30,8.1,11.9,0,0,0,0,0,0,6.1,97.8
73,Alex Erickson,CIN,WR,16,78,43,55.1,529,0,52,6.8,12.3,5,33,6.6,0,4,2,6,96.24
74,Willie Snead IV,BAL,WR,16,45,31,68.9,339,5,50,7.5,10.9,2,2,1,0,0,0,5.9,95.1
75,John Ross,CIN,WR,8,56,28,50,506,3,66,9,18.1,3,4,1.3,0,1,1,11.9,95
76,Nelson Agholor,PHI,WR,11,69,39,56.5,363,3,43,5.3,9.3,2,7,3.5,0,2,1,8.5,94
77,Preston Williams,MIA,WR,8,60,32,53.3,428,3,35,7.1,13.4,0,0,0,0,2,1,11.4,90.8
78,Taylor Gabriel,CHI,WR,9,48,29,60.4,353,4,53,7.4,12.2,3,20,6.7,0,0,0,10,90.3
79,Albert Wilson,MIA,WR,13,62,43,69.4,351,1,35,5.7,8.2,5,45,9,0,0,0,6.9,89.4
80,Adam Humphries,TEN,WR,12,47,37,78.7,374,2,30,8,10.1,1,1,1,0,1,0,7.2,86.5
81,Ted Ginn Jr.,NO,WR,16,56,30,53.6,421,2,45,7.5,14,3,18,6,0,0,0,5.4,85.9
82,Demaryius Thomas,NYJ,WR,11,58,36,62.1,433,1,47,7.5,12,0,0,0,0,0,0,7.8,85.3
83,Marquez Valdes-Scantling,GB,WR,16,56,26,46.4,452,2,74,8.1,17.4,2,9,4.5,0,0,0,5.3,84.1
84,Allen Hurns,MIA,WR,14,48,32,66.7,416,2,27,8.7,13,0,0,0,0,1,1,6,83.6
85,Tajae Sharpe,TEN,WR,15,35,25,71.4,329,4,47,9.4,13.2,0,0,0,0,0,0,5.5,81.9
86,Bisi Johnson,MIN,WR,16,45,31,68.9,294,3,23,6.5,9.5,1,6,6,0,0,0,4.9,79
87,Keelan Cole Sr.,JAX,WR,16,35,24,68.6,361,3,55,10.3,15,1,6,6,0,0,0,4.9,78.7
88,Geronimo Allison,GB,WR,16,55,34,61.8,287,2,31,5.2,8.4,1,7,7,0,2,1,4.7,75.4
89,Josh Gordon,SEA,WR,11,47,27,57.4,426,1,58,9.1,15.8,1,1,1,0,0,0,6.7,73.7
90,Damiere Byrd IR,ARI,WR,11,46,32,69.6,359,1,58,7.8,11.2,0,0,0,0,1,1,6.5,71.9
91,Tre'Quan Smith,NO,WR,11,25,18,72,234,5,32,9.4,13,0,0,0,0,0,0,6.5,71.4
92,Kelvin Harmon,WAS,WR,16,44,30,68.2,365,0,30,8.3,12.2,0,0,0,0,0,0,4.2,66.94
93,Cody Latimer,NYG,WR,15,43,24,55.8,300,2,43,7,12.5,0,0,0,0,0,0,4.4,66
94,Paul Richardson,WAS,WR,10,42,28,66.7,245,2,22,5.8,8.8,1,0,0,0,0,0,6.4,64.5
95,DaeSean Hamilton,DEN,WR,16,52,28,53.8,297,1,28,5.7,10.6,0,0,0,0,0,0,4,63.7
96,Isaiah McKenzie,BUF,WR,14,39,27,69.2,254,1,46,6.5,9.4,8,49,6.1,0,0,0,4.5,63.3
97,Josh Reynolds,LAR,WR,16,43,21,48.8,326,1,31,7.6,15.5,5,23,4.6,0,0,0,3.9,61.9
97,Jakobi Meyers,NE,WR,15,41,26,63.4,359,0,35,8.8,13.8,0,0,0,0,0,0,4.1,61.9
99,Seth Roberts,BAL,WR,16,35,21,60,271,2,33,7.7,12.9,0,0,0,0,0,0,3.8,60.1
100,Greg Ward,PHI,WR,6,40,28,70,254,1,38,6.4,9.1,1,5,5,0,0,0,10,59.9
101,David Moore,SEA,WR,14,34,17,50,301,2,60,8.9,17.7,3,25,8.3,0,2,1,4.3,59.6
102,Jarius Wright,CAR,WR,16,58,28,48.3,296,0,33,5.1,10.6,1,-7,-7,0,0,0,3.6,56.9
103,Marcus Johnson,IND,WR,8,33,17,51.5,277,2,50,8.4,16.3,0,0,0,0,0,0,7.1,56.7
104,Pharoh Cooper,ARI,WR,13,33,25,75.8,243,1,28,7.4,9.7,1,2,2,0,0,0,4.3,55.5
105,Keke Coutee,HOU,WR,9,36,22,61.1,254,0,51,7.1,11.5,2,14,7,1,1,1,5.9,52.8
106,Trey Quinn,WAS,WR,12,47,26,55.3,198,1,19,4.2,7.6,0,0,0,0,1,1,4.3,51.8
107,Miles Boykin,BAL,WR,16,22,13,59.1,198,3,50,9,15.2,0,0,0,0,0,0,3.2,50.8
108,Zay Jones,LV,WR,15,45,27,60,216,0,23,4.8,8,1,3,3,0,0,0,3.3,48.9
109,Vyncint Smith,NYJ,WR,13,31,17,54.8,225,0,37,7.3,13.2,3,52,17.3,1,1,1,3.7,48.7
110,Isaiah Ford,MIA,WR,8,35,23,65.7,244,0,28,7,10.6,1,11,11,0,0,0,6.1,48.5
111,Jaron Brown,SEA,WR,14,28,16,57.1,220,2,48,7.9,13.8,0,0,0,0,1,1,3.4,48
112,Tavon Austin,DAL,WR,14,24,13,54.2,177,1,59,7.4,13.6,6,47,7.8,1,1,0,3.4,47.4
113,Bennie Fowler,NYG,WR,8,36,23,63.9,193,0,17,5.4,8.4,1,20,20,0,0,0,5.8,46.3
114,KeeSean Johnson,ARI,WR,10,42,21,50,187,1,31,4.5,8.9,1,3,3,0,1,1,4.6,46
115,Chester Rogers,IND,WR,12,28,16,57.1,179,2,27,6.4,11.2,1,18,18,0,2,1,3.8,45.7
116,Malik Turner,SEA,WR,14,22,15,68.2,245,1,33,11.1,16.3,0,0,0,0,0,0,3.2,45.5
117,Justin Watson,TB,WR,16,26,15,57.7,159,2,17,6.1,10.6,0,0,0,0,0,0,2.7,42.9
118,Javon Wims,CHI,WR,16,39,18,46.2,186,1,37,4.8,10.3,0,0,0,0,0,0,2.7,42.6
119,Scott Miller,TB,WR,10,26,13,50,200,1,48,7.7,15.4,2,16,8,0,0,0,4.1,40.6
120,Jake Kumerow,GB,WR,14,21,12,57.1,219,1,49,10.4,18.2,0,0,0,0,0,0,2.8,39.9
120,Jakeem Grant Sr.,MIA,WR,10,32,19,59.4,164,0,18,5.1,8.6,4,5,1.2,1,2,1,4,39.9
122,Marvin Hall,DET,WR,9,11,7,63.6,261,1,58,23.7,37.3,1,7,7,0,0,0,4.4,39.8
123,N'Keal Harry,NE,WR,7,24,12,50,105,2,18,4.4,8.8,5,49,9.8,0,0,0,5.6,39.4
124,Justin Hardy,ATL,WR,16,26,19,73.1,195,0,23,7.5,10.3,0,0,0,0,0,0,2.4,38.5
125,Marquise Goodwin,SF,WR,9,21,12,57.1,186,1,38,8.9,15.5,1,15,15,0,0,0,4.2,38.1
125,Parris Campbell,IND,WR,7,24,18,75,127,1,27,5.3,7.1,4,34,8.5,0,3,1,5.4,38.1
127,Damion Ratley,CLE,WR,13,24,12,50,200,1,46,8.3,16.7,0,0,0,0,0,0,2.9,38
128,Tim Patrick IR,DEN,WR,8,31,16,51.6,218,0,38,7,13.6,0,0,0,0,0,0,4.7,37.8
129,DeSean Jackson,PHI,WR,3,10,9,90,159,2,53,15.9,17.7,0,0,0,0,0,0,12.3,36.9
130,Andy Isabella,ARI,WR,15,13,9,69.2,189,1,88,14.5,21,4,15,3.8,0,0,0,2.4,35.4
131,Byron Pringle,KC,WR,16,16,12,75,170,1,28,10.6,14.2,0,0,0,0,0,0,2.2,35
132,Duke Williams,BUF,WR,4,19,12,63.2,166,1,41,8.7,13.8,0,0,0,0,0,0,8.6,34.6
133,Dante Pettis,SF,WR,11,24,11,45.8,109,2,21,4.5,9.9,0,0,0,0,0,0,3.1,34.54
134,Laquon Treadwell,MIN,WR,13,16,9,56.2,184,1,58,11.5,20.4,0,0,0,0,0,0,2.6,33.4
135,J.J. Arcega-Whiteside,PHI,WR,16,22,10,45.5,169,1,30,7.7,16.9,0,0,0,0,0,0,2.1,32.9
136,Ty Montgomery,NYJ,WR,16,17,13,76.5,90,0,21,5.3,6.9,32,103,3.2,0,0,0,2,32.3
137,Dontrelle Inman,IND,WR,7,21,12,57.1,181,0,28,8.6,15.1,0,0,0,0,0,0,4.3,30.1
138,Kalif Raymond,TEN,WR,8,12,9,75,170,1,52,14.2,18.9,1,-5,-5,0,1,1,3.7,29.5
139,Trevor Davis,MIA,WR,14,11,8,72.7,111,0,28,10.1,13.9,4,73,18.2,1,3,2,2,28.4
140,Richie James,SF,WR,16,10,6,60,165,1,57,16.5,27.5,2,-1,-0.5,0,1,1,1.6,26.4
141,DeAndre Carter,HOU,WR,16,14,11,78.6,162,0,46,11.6,14.7,0,0,0,0,2,1,1.6,25.2
142,Keelan Doss,LV,WR,6,14,11,78.6,133,0,31,9.5,12.1,0,0,0,0,0,0,4,24.3
143,Jamal Agnew,DET,WR,13,2,1,50,-2,0,0,-1,-2,1,9,9,0,1,1,1.7,22.7
144,Mack Hollins,MIA,WR,16,23,10,43.5,125,0,20,5.4,12.5,0,0,0,0,0,0,1.4,22.5
145,Devin Smith,DAL,WR,4,9,5,55.6,113,1,51,12.6,22.6,0,0,0,0,0,0,5.6,22.3
146,Deon Cain,PIT,WR,13,20,9,45,124,0,35,6.2,13.8,0,0,0,0,0,0,1.6,21.4
147,Olamide Zaccheaus,ATL,WR,10,5,3,60,115,1,93,23,38.3,0,0,0,0,0,0,2,20.5
148,Christian Blake,ATL,WR,9,24,11,45.8,91,0,13,3.8,8.3,0,0,0,0,0,0,2.2,20.1
149,Brandon Zylstra,CAR,WR,8,12,8,66.7,106,0,40,8.8,13.2,0,0,0,0,1,0,2.3,18.6
150,Damion Willis,CIN,WR,10,16,9,56.2,82,0,17,5.1,9.1,0,0,0,0,0,0,1.7,17.2
151,Antonio Callaway,CLE,WR,4,15,8,53.3,89,0,41,5.9,11.1,0,0,0,0,0,0,4.2,16.9
152,Antonio Brown,NE,WR,1,8,4,50,56,1,20,7,14,1,5,5,0,0,0,16.1,16.1
153,Rashard Higgins,CLE,WR,10,11,4,36.4,55,1,35,5,13.8,0,0,0,0,0,0,1.6,15.5
153,Braxton Berrios,NYJ,WR,16,13,6,46.2,115,0,69,8.8,19.2,0,0,0,0,1,1,1,15.5
155,Chris Hogan,CAR,WR,7,15,8,53.3,67,0,13,4.5,8.4,0,0,0,0,0,0,2.1,14.7
156,Marcell Ateman,LV,WR,11,10,5,50,116,0,36,11.6,23.2,0,0,0,0,1,1,1.3,14.6
157,J.J. Nelson,LV,WR,2,5,4,80,36,1,29,7.2,9,0,0,0,0,0,0,6.8,13.6
158,Riley Ridley,CHI,WR,5,7,6,85.7,69,0,32,9.9,11.5,0,0,0,0,0,0,2.6,12.9
159,TJ Jones,NYG,WR,3,4,3,75,38,1,28,9.5,12.7,0,0,0,0,3,0,4.3,12.8
160,Robert Foster,BUF,WR,13,18,3,16.7,64,0,24,3.6,21.3,2,29,14.5,0,0,0,0.9,12.3
161,Trent Sherfield,ARI,WR,16,13,4,30.8,80,0,38,6.2,20,0,0,0,0,0,0,0.8,12
162,KhaDarel Hodge,CLE,WR,16,10,4,40,76,0,41,7.6,19,0,0,0,0,0,0,0.7,11.6
162,Andre Patton,LAC,WR,12,17,6,35.3,56,0,15,3.3,9.3,0,0,0,0,0,0,1,11.6
164,Ryan Switzer,PIT,WR,9,11,8,72.7,27,0,8,2.5,3.4,0,0,0,0,1,0,1.2,10.7
165,Tevin Jones,PIT,WR,5,10,4,40,61,0,28,6.1,15.2,0,0,0,0,0,0,2,10.1
166,Cedrick Wilson Jr.,DAL,WR,6,8,5,62.5,46,0,14,5.8,9.2,0,0,0,0,0,0,1.6,9.6
167,Deonte Harty,NO,WR,14,6,6,100,24,0,13,4,4,4,31,7.8,0,3,1,0.7,9.5
168,DeAndrew White,CAR,WR,10,9,4,44.4,51,0,18,5.7,12.8,0,0,0,0,0,0,0.9,9.1
169,Chad Beebe,MIN,WR,3,2,2,100,70,0,61,35,35,0,0,0,0,3,0,3,9
169,Chris Lacy,DET,WR,5,10,3,30,60,0,48,6,20,0,0,0,0,0,0,1.8,9
169,Travis Benjamin,LAC,WR,5,16,6,37.5,30,0,13,1.9,5,0,0,0,0,0,0,1.8,9
172,Ventell Bryant,DAL,WR,12,1,1,100,15,1,15,15,15,0,0,0,0,0,0,0.7,8.5
173,Diontae Spencer,DEN,WR,16,8,6,75,31,0,20,3.9,5.2,3,6,2,0,3,1,0.5,7.7
174,Deontay Burnett,PHI,WR,1,4,2,50,48,0,41,12,24,0,0,0,0,0,0,6.8,6.8
174,Geremy Davis,LAC,WR,7,3,3,100,38,0,19,12.7,12.7,0,0,0,0,0,0,1,6.8
176,Alexander Hollins,MIN,WR,4,4,2,50,46,0,35,11.5,23,0,0,0,0,0,0,1.6,6.6
177,Jason Moore Jr.,LAC,WR,10,5,2,40,43,0,32,8.6,21.5,0,0,0,0,0,0,0.6,6.3
178,Michael Crabtree,ARI,WR,2,5,4,80,22,0,9,4.4,5.5,0,0,0,0,0,0,3.1,6.2
179,Johnny Holton,PIT,WR,15,15,3,20,21,0,18,1.4,7,1,9,9,0,0,0,0.4,6
180,Cody Core,NYG,WR,16,5,3,60,28,0,11,5.6,9.3,0,0,0,0,0,0,0.4,5.8
180,Donte Moncrief,CAR,WR,8,15,4,26.7,18,0,11,1.2,4.5,0,0,0,0,0,0,0.7,5.8
182,Steven Mitchell Jr.,HOU,WR,2,6,2,33.3,37,0,21,6.2,18.5,0,0,0,0,0,0,2.8,5.7
182,Andre Roberts,BUF,WR,13,7,3,42.9,20,0,7,2.9,6.7,1,7,7,0,1,0,0.4,5.7
184,Russell Shepard,NYG,WR,3,8,3,37.5,25,0,12,3.1,8.3,0,0,0,0,0,0,1.8,5.5
185,Ishmael Hyman,TB,WR,2,4,2,50,34,0,31,8.5,17,0,0,0,0,0,0,2.7,5.4
185,Ryan Grant,GB,WR,2,9,4,44.4,14,0,9,1.6,3.5,0,0,0,0,0,0,2.7,5.4
187,C.J. Board,JAX,WR,4,4,2,50,31,0,23,7.8,15.5,0,0,0,0,0,0,1.3,5.1
187,Chris Moore,BAL,WR,14,5,3,60,21,0,13,4.2,7,1,0,0,0,0,0,0.4,5.1
189,Marqise Lee,JAX,WR,6,4,3,75,18,0,8,4.5,6,1,1,1,0,0,0,0.8,4.9
190,Stanley Morgan,CIN,WR,11,10,3,30,18,0,9,1.8,6,0,0,0,0,0,0,0.4,4.8
191,Cam Sims,WAS,WR,7,3,2,66.7,27,0,15,9,13.5,0,0,0,0,0,0,0.7,4.7
191,Da'Mari Scott,NYG,WR,5,3,2,66.7,22,0,11,7.3,11,1,5,5,0,0,0,0.9,4.7
193,Jesus Wilson,TB,WR,6,10,3,30,35,0,14,3.5,11.7,0,0,0,0,3,1,0.8,4.5
194,Fred Brown,DEN,WR,13,3,2,66.7,21,0,16,7,10.5,0,0,0,0,1,0,0.3,4.1
195,Josh Bellamy,NYJ,WR,7,3,2,66.7,20,0,15,6.7,10,0,0,0,0,0,0,0.6,4
196,Darius Jennings,TEN,WR,8,5,2,40,17,0,11,3.4,8.5,0,0,0,0,0,0,0.5,3.7
196,Robert Davis,PHI,WR,6,5,2,40,17,0,11,3.4,8.5,0,0,0,0,0,0,0.6,3.7
196,Ashton Dulin IR,IND,WR,13,2,2,100,17,0,13,8.5,8.5,0,0,0,0,0,0,0.3,3.7
199,Mike Thomas,LAR,WR,16,5,2,40,14,0,9,2.8,7,0,0,0,0,0,0,0.2,3.4
199,Gunner Olszewski,NE,WR,8,4,2,50,34,0,29,8.5,17,0,0,0,0,1,1,0.4,3.4
201,Cody Hollister,TEN,WR,5,2,2,100,13,0,11,6.5,6.5,0,0,0,0,0,0,0.7,3.3
202,Rashard Davis,TEN,WR,1,1,1,100,16,0,16,16,16,0,0,0,0,0,0,2.6,2.6
203,Jeff Smith,NYJ,WR,1,2,1,50,12,0,12,6,12,0,0,0,0,0,0,2.2,2.2
204,De'Anthony Thomas,BAL,WR,14,2,1,50,6,0,6,3,6,2,5,2.5,0,3,0,0.2,2.1
204,John Ursua,SEA,WR,3,1,1,100,11,0,11,11,11,0,0,0,0,0,0,0.7,2.1
206,Austin Carr,NO,WR,6,4,1,25,9,0,9,2.2,9,0,0,0,0,0,0,0.3,1.9
207,Dwayne Harris,LV,WR,3,1,1,100,7,0,7,7,7,0,0,0,0,0,0,0.6,1.7
208,Jaleel Scott,BAL,WR,3,3,1,33.3,6,0,6,2,6,0,0,0,0,0,0,0.5,1.6
209,Krishawn Hogan,NO,WR,7,1,1,100,4,0,4,4,4,0,0,0,0,0,0,0.2,1.4
210,Cyril Grayson Jr.,TB,WR,2,1,1,100,3,0,3,3,3,0,0,0,0,0,0,0.6,1.3
211,John Franklin,TB,WR,1,0,0,0,0,0,0,0,0,1,11,11,0,0,0,1.1,1.1
212,Gehrig Dieter,KC,WR,2,0,0,0,0,0,0,0,0,0,0,0,0,0,0,0,0
212,JoJo Natson,LAR,WR,12,0,0,0,0,0,0,0,0,0,0,0,0,0,0,0,0
212,Nsimba Webster,LAR,WR,4,0,0,0,0,0,0,0,0,0,0,0,0,1,0,0,0
212,Taywan Taylor,CLE,WR,3,1,0,0,0,0,0,0,0,0,0,0,0,0,0,0,0
212,Gary Jennings,MIA,WR,1,0,0,0,0,0,0,0,0,0,0,0,0,0,0,0,0
212,Travis Fulgham,DET,WR,3,3,0,0,0,0,0,0,0,0,0,0,0,0,0,0,0
212,Matthew Slater,NE,WR,16,0,0,0,0,0,0,0,0,0,0,0,0,0,0,0,0
212,Keith Kirkwood,NO,WR,1,0,0,0,0,0,0,0,0,0,0,0,0,0,0,0,0
212,Juwann Winfree,DEN,WR,3,0,0,0,0,0,0,0,0,0,0,0,0,0,0,0,0
212,River Cracraft,DEN,WR,1,0,0,0,0,0,0,0,0,0,0,0,0,0,0,0,0
212,Lil'Jordan Humphrey,NO,WR,5,1,0,0,0,0,0,0,0,0,0,0,0,0,0,0,0
212,Davion Davis,MIN,WR,1,0,0,0,0,0,0,0,0,0,0,0,0,0,0,0,0
212,Jalen Guyton PUP,LAC,WR,3,2,0,0,0,0,0,0,0,0,0,0,0,0,0,0,0
212,Darvin Kidsy,WAS,WR,3,0,0,0,0,0,0,0,0,0,0,0,0,0,0,0,0
212,Chad Williams,IND,WR,1,1,0,0,0,0,0,0,0,0,0,0,0,0,0,0,0
212,Spencer Schnell,TB,WR,1,0,0,0,0,0,0,0,0,0,0,0,0,0,0,0,0
212,Josh Malone,NYJ,WR,2,0,0,0,0,0,0,0,0,0,0,0,0,0,0,0,0
212,Trenton Irwin,CIN,WR,1,0,0,0,0,0,0,0,0,0,0,0,0,0,0,0,0
212,Jaydon Mickens,TB,WR,1,0,0,0,0,0,0,0,0,0,0,0,0,0,0,0,0
212,Jester Weah,WAS,WR,1,0,0,0,0,0,0,0,0,0,0,0,0,0,0,0,0
232,Michael Walker,JAX,WR,7,3,2,66.7,15,0,9,5,7.5,0,0,0,0,2,2,-0.1,-0.5
233,Darrius Shepherd,GB,WR,6,2,1,50,1,0,1,0.5,1,0,0,0,0,1,1,-0.2,-0.9
234,Quincy Enunwa,NYJ,WR,1,3,1,33.3,-4,0,8,-1.3,-4,0,0,0,0,1,1,-1.4,-1.4
235,Ray-Ray McCloud III O,CAR,WR,6,0,0,0,0,0,0,0,0,0,0,0,0,3,1,-0.3,-2
235,Greg Dortch,CAR,WR,2,0,0,0,0,0,0,0,0,0,0,0,0,1,1,-1,-2
,,,,,,,,,,,,,,,,,,,,
2020,,,,,,,,,,,,,,,,,,,,
,,,,,,,,,,,,,,,,,,,,
1,Davante Adams,GB,WR,14,148,115,77.7,1374,18,56,9.3,11.9,0,0,0,0,1,1,25.6,358.4
2,Tyreek Hill,KC,WR,15,135,87,64.4,1276,15,75,9.5,14.7,13,123,9.5,2,1,0,21.9,328.9
3,Stefon Diggs,BUF,WR,16,166,127,76.5,1535,8,55,9.2,12.1,1,1,1,0,0,0,20.5,328.6
4,DeAndre Hopkins,ARI,WR,16,160,115,71.9,1407,6,60,8.8,12.2,1,1,1,0,3,2,18,287.8
5,Calvin Ridley,ATL,WR,15,143,90,62.9,1374,9,63,9.6,15.3,5,1,0.2,0,1,1,18.8,281.5
6,Justin Jefferson,MIN,WR,16,125,88,70.4,1400,7,71,11.2,15.9,1,2,2,0,1,0,17.1,274.2
7,DK Metcalf,SEA,WR,16,129,83,64.3,1303,10,62,10.1,15.7,0,0,0,0,1,1,17,271.3
8,Tyler Lockett,SEA,WR,16,132,100,75.8,1054,10,47,8,10.5,0,0,0,0,1,0,16.6,265.4
9,Allen Robinson II,CHI,WR,16,151,102,67.5,1250,6,42,8.3,12.3,1,-1,-1,0,0,0,16.4,262.9
10,Adam Thielen,MIN,WR,15,108,74,68.5,925,14,51,8.6,12.5,3,15,5,0,0,0,16.9,254
11,Mike Evans,TB,WR,16,109,70,64.2,1006,13,50,9.2,14.4,0,0,0,0,0,0,15.5,248.6
12,Robert Woods,LAR,WR,16,129,90,69.8,936,6,56,7.3,10.4,24,155,6.5,2,2,1,15.3,245.1
12,Keenan Allen,LAC,WR,14,147,100,68,992,8,28,6.7,9.9,1,-1,-1,0,3,2,17.5,245.1
14,A.J. Brown,TEN,WR,14,106,70,66,1075,11,73,10.1,15.4,0,0,0,0,2,1,17.2,241.5
15,Amari Cooper,DAL,WR,16,130,92,70.8,1114,5,69,8.6,12.1,6,14,2.3,0,0,0,14.8,236.8
16,JuJu Smith-Schuster,PIT,WR,16,128,97,75.8,831,9,31,6.5,8.6,0,0,0,0,3,1,14.6,234.1
17,Brandin Cooks,HOU,WR,15,119,81,68.1,1150,6,57,9.7,14.2,0,0,0,0,0,0,15.5,232
18,Marvin Jones Jr.,DET,WR,16,115,76,66.1,978,9,43,8.5,12.9,0,0,0,0,0,0,14.2,227.8
19,Robbie Chosen,CAR,WR,16,136,95,69.9,1096,3,75,8.1,11.5,4,15,3.8,0,1,1,14,224.1
20,Terry McLaurin,WAS,WR,15,134,87,64.9,1118,4,68,8.3,12.9,2,30,15,0,1,1,14.9,223.8
21,Diontae Johnson,PIT,WR,15,144,88,61.1,923,7,47,6.4,10.5,3,15,5,0,2,1,14.8,221.8
22,Chase Claypool,PIT,WR,16,109,62,56.9,873,9,84,8,14.1,10,16,1.6,2,3,1,13.4,214.9
23,Curtis Samuel,CAR,WR,15,97,77,79.4,851,3,44,8.8,11.1,41,200,4.9,2,1,0,14.1,212.1
24,CeeDee Lamb,DAL,WR,16,111,74,66.7,935,5,52,8.4,12.6,10,82,8.2,1,2,1,13.2,211.7
25,DJ Moore,CAR,WR,15,118,66,55.9,1193,4,74,10.1,18.1,2,22,11,0,0,0,14.1,211.5
26,Cooper Kupp,LAR,WR,15,124,92,74.2,974,3,55,7.9,10.6,4,33,8.2,0,1,1,13.9,208.7
27,Cole Beasley,BUF,WR,15,107,82,76.6,967,4,35,9,11.8,0,0,0,0,0,0,13.8,207.5
28,Tee Higgins,CIN,WR,16,108,67,62,908,6,67,8.4,13.6,5,28,5.6,0,1,1,12.2,194.6
29,Tyler Boyd,CIN,WR,15,110,79,71.8,841,4,72,7.6,10.6,5,49,9.8,0,1,0,12.8,192.64
30,Corey Davis,TEN,WR,14,92,65,70.7,984,5,75,10.7,15.1,0,0,0,0,1,1,13.7,191.4
31,Chris Godwin,TB,WR,12,84,65,77.4,840,7,47,10,12.9,0,0,0,0,1,0,15.9,191
32,William Fuller V,HOU,WR,11,75,53,70.7,879,8,77,11.7,16.6,1,0,0,0,0,0,17.2,188.9
33,Jarvis Landry,CLE,WR,15,101,72,71.3,840,3,32,8.3,11.7,4,10,2.5,1,2,0,12.5,187.96
34,Nelson Agholor,LV,WR,16,82,48,58.5,896,8,85,10.9,18.7,0,0,0,0,0,0,11.6,185.6
35,Brandon Aiyuk,SF,WR,12,96,60,62.5,748,5,49,7.8,12.5,6,77,12.8,2,0,0,15.4,184.5
36,Marquise Brown,BAL,WR,16,100,58,58,769,8,70,7.7,13.3,1,1,1,0,0,0,11.4,183
37,Russell Gage O,ATL,WR,16,110,72,65.5,786,4,35,7.1,10.9,2,9,4.5,0,0,0,11.3,181.06
38,Michael Gallup,DAL,WR,16,105,59,56.2,843,5,55,8,14.3,0,0,0,0,0,0,10.8,173.3
39,Jamison Crowder,NYJ,WR,12,88,59,67,699,6,69,7.9,11.8,1,14,14,0,0,0,14.3,172.02
40,DeVante Parker,MIA,WR,14,103,63,61.2,793,4,31,7.7,12.6,0,0,0,0,1,0,11.9,166.3
41,Emmanuel Sanders,NO,WR,14,82,61,74.4,726,5,51,8.9,11.9,1,12,12,0,1,0,11.8,164.8
42,T.Y. Hilton,IND,WR,15,93,56,60.2,762,5,50,8.2,13.6,0,0,0,0,0,0,10.9,164.2
43,Sterling Shepard,NYG,WR,12,90,66,73.3,656,3,29,7.3,9.9,6,49,8.2,1,0,0,13.5,162.5
44,Tim Patrick IR,DEN,WR,15,79,51,64.6,742,6,61,9.4,14.5,0,0,0,0,0,0,10.7,161.2
45,Jerry Jeudy,DEN,WR,16,113,52,46,856,3,92,7.6,16.5,0,0,0,0,2,0,9.8,157.6
46,Laviska Shenault Jr.,JAX,WR,14,79,58,73.4,600,5,36,7.6,10.3,18,91,5.1,0,0,0,11.2,157.1
47,Mike Williams,LAC,WR,15,85,48,56.5,756,5,64,8.9,15.8,1,1,1,0,0,0,10.2,153.7
48,DJ Chark Jr.,JAX,WR,13,93,53,57,706,5,73,7.6,13.3,0,0,0,0,0,0,11.8,153.6
49,Darnell Mooney,CHI,WR,16,98,61,62.2,631,4,53,6.4,10.3,4,20,5,0,1,0,9.5,152.1
50,Keelan Cole Sr.,JAX,WR,16,88,55,62.5,642,5,51,7.3,11.7,1,2,2,0,0,0,9.3,149.4
51,Christian Kirk,ARI,WR,14,79,48,60.8,621,6,80,7.9,12.9,2,3,1.5,0,1,0,10.5,146.4
52,Julio Jones,ATL,WR,9,68,51,75,771,3,44,11.3,15.1,0,0,0,0,0,0,16.2,146.1
53,Jakobi Meyers,NE,WR,14,81,59,72.8,729,0,35,9,12.4,2,9,4.5,0,1,1,10.2,142.52
54,Darius Slayton,NYG,WR,16,97,50,51.5,751,3,41,7.7,15,2,-1,-0.5,0,1,1,8.8,141
55,Marquez Valdes-Scantling,GB,WR,16,63,33,52.4,690,6,78,11,20.9,4,13,3.2,0,1,1,8.6,137.3
56,Gabe Davis,BUF,WR,16,62,35,56.5,599,7,56,9.7,17.1,1,0,0,0,1,0,8.6,136.9
56,Zach Pascal,IND,WR,16,71,44,62,629,5,42,8.9,14.3,0,0,0,0,0,0,8.6,136.9
58,Greg Ward,PHI,WR,16,79,53,67.1,419,6,32,5.3,7.9,2,-4,-2,0,2,0,8.3,133.1
59,Hunter Renfrow,LV,WR,16,77,56,72.7,656,2,53,8.5,11.7,0,0,0,0,2,1,8.2,131.6
60,Kendrick Bourne,SF,WR,15,74,49,66.2,667,2,49,9,13.6,0,0,0,0,0,0,8.6,129.7
61,Josh Reynolds,LAR,WR,16,81,52,64.2,618,2,40,7.6,11.9,1,5,5,0,2,1,7.8,124.3
62,Mecole Hardman Jr.,KC,WR,16,62,41,66.1,560,4,49,9,13.7,4,31,7.8,0,2,2,7.6,122.1
63,Rashard Higgins,CLE,WR,13,52,37,71.2,599,4,43,11.5,16.2,0,0,0,0,3,0,9.3,120.9
64,David Moore,SEA,WR,16,47,35,74.5,417,6,57,8.9,11.9,8,61,7.6,0,1,0,7.4,118.8
65,Antonio Brown,TB,WR,8,61,45,73.8,483,4,46,7.9,10.7,2,-2,-1,0,0,0,14.6,117.1
66,Travis Fulgham,PHI,WR,13,67,38,56.7,539,4,42,8,14.2,0,0,0,0,0,0,8.9,115.9
67,Damiere Byrd IR,NE,WR,16,77,47,61,604,1,42,7.8,12.9,2,15,7.5,0,3,0,7.2,114.9
68,A.J. Green,CIN,WR,16,104,47,45.2,523,2,33,5,11.1,0,0,0,0,0,0,7,111.3
69,Anthony Miller,CHI,WR,16,76,49,64.5,485,2,34,6.4,9.9,2,12,6,0,2,1,6.8,108.7
70,Demarcus Robinson,KC,WR,16,59,45,76.3,466,3,28,7.9,10.4,0,0,0,0,2,1,6.7,107.6
71,Danny Amendola,DET,WR,14,69,46,66.7,602,0,50,8.7,13.1,1,2,2,0,0,0,7.6,106.4
72,Tre'Quan Smith,NO,WR,14,50,34,68,448,4,31,9,13.2,1,3,3,0,1,0,7.4,103.1
73,Scott Miller,TB,WR,16,53,33,62.3,501,3,48,9.5,15.2,3,14,4.7,0,0,0,6.4,102.5
74,Larry Fitzgerald,ARI,WR,13,72,54,75,409,1,18,5.7,7.6,0,0,0,0,0,0,7.8,100.9
75,Randall Cobb,HOU,WR,10,48,38,79.2,441,3,34,9.2,11.6,0,0,0,0,0,0,10,100.1
76,James Washington,PIT,WR,16,56,30,53.6,392,5,50,7,13.1,0,0,0,0,0,0,6.2,99.2
77,Breshad Perriman,NYJ,WR,12,60,30,50,505,3,53,8.4,16.8,1,6,6,0,0,0,8.3,99.1
78,Michael Pittman Jr.,IND,WR,13,61,40,65.6,503,1,45,8.2,12.6,3,26,8.7,0,0,0,7.6,98.9
79,Allen Lazard,GB,WR,10,46,33,71.7,451,3,72,9.8,13.7,2,17,8.5,0,0,0,9.8,97.8
80,Braxton Berrios,NYJ,WR,16,55,37,67.3,394,3,43,7.2,10.6,3,29,9.7,0,0,0,6.1,97.3
81,Jalen Guyton PUP,LAC,WR,16,55,28,50.9,511,3,72,9.3,18.2,2,0,0,0,0,0,6.1,97.1
81,Chris Conley,JAX,WR,15,63,40,63.5,471,2,51,7.5,11.8,0,0,0,0,1,1,6.5,97.1
83,John Brown,BUF,WR,9,52,33,63.5,458,3,46,8.8,13.9,0,0,0,0,0,0,10.8,96.8
84,Willie Snead IV,BAL,WR,13,48,33,68.8,432,3,34,9,13.1,0,0,0,0,1,0,7.2,94.2
85,Isaiah McKenzie,BUF,WR,16,34,30,88.2,282,5,46,8.3,9.4,10,9,0.9,0,0,0,5.8,93.58
86,KJ Hamler,DEN,WR,13,56,30,53.6,381,3,49,6.8,12.7,9,40,4.4,0,2,0,6.9,90.1
87,Sammy Watkins,KC,WR,10,55,37,67.3,421,2,37,7.7,11.4,1,3,3,0,1,1,8.7,87.4
88,Keke Coutee,HOU,WR,8,40,33,82.5,400,3,64,10,12.1,0,0,0,0,4,3,10.9,87
89,Odell Beckham Jr.,CLE,WR,7,43,23,53.5,319,3,43,7.4,13.9,3,72,24,1,0,0,12.4,86.82
90,Golden Tate,NYG,WR,12,52,35,67.3,388,2,39,7.5,11.1,0,0,0,0,0,0,7.2,86.52
91,Cam Sims,WAS,WR,16,49,32,65.3,477,1,50,9.7,14.9,1,5,5,0,0,0,5.4,86.2
92,Henry Ruggs III,LV,WR,13,43,26,60.5,452,2,72,10.5,17.4,9,49,5.4,0,2,2,6.5,84.1
93,Michael Thomas,NO,WR,7,55,40,72.7,438,0,24,8,11,1,1,1,0,0,0,12,83.9
94,Jakeem Grant Sr.,MIA,WR,14,54,36,66.7,373,1,30,6.9,10.4,3,20,6.7,0,2,0,5.8,81.3
95,Jalen Reagor,PHI,WR,11,54,31,57.4,396,1,55,7.3,12.8,4,26,6.5,0,2,0,7.4,81.2
96,Deebo Samuel,SF,WR,7,44,33,75,391,1,35,8.9,11.8,8,26,3.2,0,0,0,11.5,80.7
97,Tyron Johnson,LAC,WR,12,26,20,76.9,398,3,55,15.3,19.9,3,17,5.7,0,0,0,6.6,79.5
98,Preston Williams,MIA,WR,8,35,18,51.4,288,4,47,8.2,16,0,0,0,0,0,0,9.4,74.8
99,N'Keal Harry,NE,WR,14,57,33,57.9,309,2,30,5.4,9.4,2,0,0,0,1,1,5.3,73.9
100,Miles Boykin,BAL,WR,16,33,19,57.6,266,4,43,8.1,14,0,0,0,0,0,0,4.4,69.6
101,Quintez Cephus SUS,DET,WR,13,35,20,57.1,349,2,49,10,17.4,0,0,0,0,0,0,5.1,66.9
102,Kenny Golladay,DET,WR,5,32,20,62.5,338,2,48,10.6,16.9,0,0,0,0,0,0,13.2,65.8
103,Richie James,SF,WR,10,35,23,65.7,394,1,47,11.3,17.1,0,0,0,0,2,2,6.4,64.4
104,DaeSean Hamilton,DEN,WR,16,44,23,52.3,293,2,40,6.7,12.7,0,0,0,0,1,1,3.9,62.3
105,Denzel Mims,NYJ,WR,9,45,23,51.1,357,0,30,7.9,15.5,0,0,0,0,0,0,6.7,60.7
106,Marvin Hall,CLE,WR,12,32,18,56.2,302,2,73,9.4,16.8,1,1,1,0,0,0,5,60.3
107,Collin Johnson,JAX,WR,14,31,18,58.1,272,2,46,8.8,15.1,0,0,0,0,0,0,4.2,59.2
108,Donovan Peoples-Jones,CLE,WR,12,20,14,70,304,2,75,15.2,21.7,0,0,0,0,0,0,4.9,58.4
109,Adam Humphries,TEN,WR,7,35,23,65.7,228,2,23,6.5,9.9,0,0,0,0,0,0,8.3,57.8
110,Steven Sims,WAS,WR,12,37,27,73,265,1,30,7.2,9.8,1,18,18,0,5,2,4.8,57.3
111,Julian Edelman,NE,WR,6,39,21,53.8,315,0,49,8.1,15,2,22,11,0,0,0,9.4,56.22
112,Isaiah Ford,MIA,WR,10,44,28,63.6,276,0,18,6.3,9.9,0,0,0,0,0,0,5.6,55.6
113,Andy Isabella,ARI,WR,13,35,21,60,224,2,54,6.4,10.7,1,-6,-6,0,1,0,4.2,54.8
114,Lynn Bowden Jr.,MIA,WR,10,37,28,75.7,211,0,22,5.7,7.5,9,32,3.6,0,0,0,5.4,53.58
115,Olamide Zaccheaus,ATL,WR,11,32,20,62.5,274,1,51,8.6,13.7,1,0,0,0,0,0,4.9,53.4
116,Cedrick Wilson Jr.,DAL,WR,16,28,17,60.7,189,2,42,6.8,11.1,3,-12,-4,0,0,0,3.2,51.62
117,Chad Beebe,MIN,WR,14,30,20,66.7,201,2,40,6.7,10,0,0,0,0,2,1,3.6,50.1
118,Deonte Harty,NO,WR,9,25,20,80,186,1,40,7.4,9.3,6,51,8.5,0,3,1,5.3,47.7
119,Devin Duvernay,BAL,WR,16,26,20,76.9,201,0,39,7.7,10,4,70,17.5,0,0,0,2.9,47.1
120,Van Jefferson,LAR,WR,16,31,19,61.3,220,1,31,7.1,11.6,1,-1,-1,0,1,0,2.9,46.9
121,Chad Hansen,HOU,WR,5,24,17,70.8,236,1,38,9.8,13.9,0,0,0,0,0,0,9.3,46.6
122,Dontrelle Inman,WAS,WR,10,28,18,64.3,163,2,17,5.8,9.1,0,0,0,0,1,0,4.6,46.3
122,Isaiah Wright,WAS,WR,14,35,27,77.1,197,0,22,5.6,7.3,3,16,5.3,0,3,1,3.3,46.3
124,DeSean Jackson,PHI,WR,5,26,14,53.8,236,1,81,9.1,16.9,1,12,12,0,0,0,9,44.8
125,Mohamed Sanu,DET,WR,10,24,17,70.8,187,1,21,7.8,11,1,3,3,0,0,0,4.4,44
126,Marquez Callaway,NO,WR,11,27,21,77.8,213,0,27,7.9,10.1,0,0,0,0,0,0,3.8,42.3
127,Tyler Johnson,TB,WR,14,18,12,66.7,169,2,35,9.4,14.1,0,0,0,0,0,0,2.9,40.9
127,Freddie Swain,SEA,WR,16,21,13,61.9,159,2,23,7.6,12.2,0,0,0,0,0,0,2.6,40.9
129,Marcus Johnson,IND,WR,11,28,14,50,255,0,55,9.1,18.2,0,0,0,0,0,0,3.6,39.5
130,Mack Hollins,MIA,WR,16,25,16,64,176,1,34,7,11,0,0,0,0,1,1,2.4,37.6
131,Zay Jones,LV,WR,16,20,14,70,154,1,37,7.7,11,0,0,0,0,0,0,2.3,36.56
132,Bryan Edwards,LV,WR,12,15,11,73.3,193,1,34,12.9,17.5,0,0,0,0,0,0,3,36.3
133,Byron Pringle,KC,WR,13,17,13,76.5,160,1,37,9.4,12.3,0,0,0,0,0,0,2.7,35
134,Bisi Johnson,MIN,WR,8,19,14,73.7,189,0,29,9.9,13.5,0,0,0,0,0,0,4.4,34.9
135,Jeff Smith,NYJ,WR,12,37,17,45.9,167,0,21,4.5,9.8,0,0,0,0,0,0,2.8,33.7
136,KeeSean Johnson,ARI,WR,8,23,15,65.2,173,0,45,7.5,11.5,0,0,0,0,0,0,4,32.3
137,Ray-Ray McCloud III O,PIT,WR,16,22,20,90.9,77,0,13,3.5,3.8,4,65,16.2,0,2,1,2,32.2
138,Kenny Stills,HOU,WR,10,19,11,57.9,144,1,24,7.6,13.1,0,0,0,0,0,0,3.1,31.4
139,Mike Thomas,CIN,WR,14,21,13,61.9,132,1,29,6.3,10.2,1,1,1,0,1,1,2.2,30.3
140,Cameron Batson,TEN,WR,12,13,12,92.3,100,1,18,7.7,8.3,4,20,5,0,1,0,2.5,30
141,Noah Brown,DAL,WR,16,23,14,60.9,154,0,20,6.7,11,1,4,4,0,0,0,1.9,29.8
142,Brandon Powell,ATL,WR,15,18,12,66.7,69,2,13,3.8,5.8,2,7,3.5,0,2,1,2,29.6
143,KhaDarel Hodge,CLE,WR,9,17,11,64.7,180,0,42,10.6,16.4,0,0,0,0,0,0,3.2,29
143,Auden Tate,CIN,WR,9,22,14,63.6,150,0,19,6.8,10.7,0,0,0,0,0,0,3.2,29
145,John Hightower,PHI,WR,13,29,10,34.5,167,0,59,5.8,16.7,1,1,1,0,0,0,2.2,28.8
146,Kalif Raymond,TEN,WR,15,15,9,60,187,0,61,12.5,20.8,1,-3,-3,0,0,0,1.8,27.4
147,Christian Blake,ATL,WR,16,18,13,72.2,141,0,25,7.8,10.8,0,0,0,0,0,0,1.7,27.1
148,Chris Hogan,NYJ,WR,5,26,14,53.8,118,0,27,4.5,8.4,0,0,0,0,0,0,5.2,25.8
149,Equanimeous St. Brown,GB,WR,9,13,7,53.8,117,1,24,9,16.7,1,7,7,0,0,0,2.8,25.4
150,Quez Watkins,PHI,WR,6,13,7,53.8,106,1,43,8.2,15.1,0,0,0,0,0,0,3.9,23.6
151,Alshon Jeffery,PHI,WR,7,13,6,46.2,115,1,39,8.8,19.2,0,0,0,0,0,0,3.4,23.5
152,Jamal Agnew,DET,WR,14,20,13,65,89,0,20,4.4,6.8,6,33,5.5,0,2,1,1.7,23.2
153,Laquon Treadwell,ATL,WR,5,7,6,85.7,49,2,14,7,8.2,0,0,0,0,0,0,4.6,22.9
154,Dez Bryant,BAL,WR,6,11,6,54.5,47,2,16,4.3,7.8,0,0,0,0,0,0,3.8,22.7
155,Alex Erickson,CIN,WR,16,17,12,70.6,139,0,42,8.2,11.6,5,7,1.4,0,2,2,1.4,22.6
156,DeMichael Harris,IND,WR,7,10,10,100,79,0,21,7.9,7.9,6,46,7.7,0,0,0,3.2,22.5
157,C.J. Board,NYG,WR,14,16,11,68.8,101,0,16,6.3,9.2,1,3,3,0,0,0,1.5,21.4
158,J.J. Arcega-Whiteside,PHI,WR,8,8,4,50,85,0,37,10.6,21.2,0,0,0,1,0,0,2.6,20.5
159,Gunner Olszewski,NE,WR,13,5,5,100,62,1,38,12.4,12.4,5,23,4.6,0,1,0,1.5,19.5
160,Trent Taylor,SF,WR,12,21,10,47.6,86,0,29,4.1,8.6,0,0,0,0,0,0,1.6,18.6
161,Malik Taylor,GB,WR,15,6,5,83.3,66,1,26,11,13.2,1,9,9,0,0,0,1.2,18.5
162,Javon Wims,CHI,WR,13,12,6,50,48,1,13,4,8,1,2,2,0,0,0,1.3,17
163,Justin Watson,TB,WR,11,11,7,63.6,94,0,36,8.5,13.4,0,0,0,0,0,0,1.5,16.4
164,Austin Mack,NYG,WR,11,11,7,63.6,91,0,50,8.3,13,0,0,0,0,0,0,1.5,16.1
165,Ty Montgomery,NO,WR,6,6,3,50,27,0,17,4.5,9,19,101,5.3,0,0,0,2.6,15.8
166,Dante Pettis,NYG,WR,7,6,4,66.7,76,1,33,12.7,19,0,0,0,0,1,1,2.2,15.6
167,Parris Campbell,IND,WR,2,9,6,66.7,71,0,21,7.9,11.8,2,16,8,0,0,0,7.4,14.7
168,Lil'Jordan Humphrey,NO,WR,3,5,3,60,46,1,17,9.2,15.3,0,0,0,0,0,0,4.5,13.6
169,Jaydon Mickens,TB,WR,10,10,7,70,58,0,11,5.8,8.3,0,0,0,0,0,0,1.3,12.8
170,Pharoh Cooper,CAR,WR,16,8,5,62.5,73,0,32,9.1,14.6,0,0,0,0,1,0,0.8,12.3
170,Tyrie Cleveland,DEN,WR,10,9,6,66.7,63,0,17,7,10.5,0,0,0,0,0,0,1.2,12.3
170,KJ Hill Jr.,LAC,WR,15,11,7,63.6,73,0,25,6.6,10.4,0,0,0,0,1,1,0.8,12.3
173,Austin Carr,NO,WR,6,4,3,75,27,1,11,6.8,9,0,0,0,0,0,0,2,11.7
174,Steven Mitchell Jr.,HOU,WR,6,8,5,62.5,60,0,20,7.5,12,0,0,0,0,0,0,1.8,11
174,Ja'Marcus Bradley,CLE,WR,3,11,5,45.5,60,0,22,5.5,12,0,0,0,0,0,0,3.7,11
176,Damion Ratley,HOU,WR,5,10,4,40,63,0,29,6.3,15.8,0,0,0,0,1,0,2.1,10.3
177,River Cracraft,SF,WR,9,9,6,66.7,41,0,12,4.6,6.8,0,0,0,0,0,0,1.1,10.1
178,Trent Sherfield,ARI,WR,15,7,5,71.4,50,0,26,7.1,10,0,0,0,0,0,0,0.7,10
179,Courtland Sutton,DEN,WR,1,6,3,50,66,0,45,11,22,0,0,0,0,0,0,9.6,9.6
180,Ashton Dulin IR,IND,WR,13,6,3,50,53,0,34,8.8,17.7,2,11,5.5,0,1,0,0.7,9.4
181,Jake Kumerow,NO,WR,6,1,1,100,22,1,22,22,22,0,0,0,0,0,0,1.5,9.2
182,Joe Reed,LAC,WR,11,1,0,0,0,0,0,0,0,5,29,5.8,1,0,0,0.8,8.9
183,Nick Westbrook-Ikhine,TEN,WR,13,8,3,37.5,33,0,19,4.1,11,0,0,0,0,0,0,0.6,8.3
184,Riley Ridley,CHI,WR,5,4,4,100,39,0,18,9.8,9.8,0,0,0,0,0,0,1.6,7.9
185,Darrius Shepherd,GB,WR,8,8,5,62.5,46,0,19,5.8,9.2,0,0,0,0,1,1,1,7.6
186,Diontae Spencer,DEN,WR,11,6,3,50,26,0,10,4.3,8.7,3,19,6.3,0,2,0,0.7,7.5
187,Seth Roberts,CAR,WR,7,6,4,66.7,31,0,12,5.2,7.8,0,0,0,0,0,0,1,7.1
188,Isaiah Zuber,NE,WR,4,2,2,100,29,0,16,14.5,14.5,2,21,10.5,0,0,0,1.8,7
188,Ted Ginn Jr.,CHI,WR,6,6,3,50,40,0,29,6.7,13.3,0,0,0,0,1,0,1.2,7
190,Josh Malone,NYJ,WR,4,6,4,66.7,16,0,13,2.7,4,1,12,12,0,0,0,1.7,6.8
191,Brandon Zylstra,CAR,WR,16,4,3,75,35,0,28,8.8,11.7,1,1,1,0,0,0,0.4,6.6
192,Terry Godwin,JAX,WR,2,6,3,50,32,0,21,5.3,10.7,1,3,3,0,0,0,3.2,6.5
193,Robert Foster,WAS,WR,4,6,2,33.3,37,0,28,6.2,18.5,0,0,0,0,0,0,1.4,5.7
194,Tavon Austin,GB,WR,4,5,5,100,20,0,7,4,4,0,0,0,0,1,1,1.2,5
195,Deontay Burnett,PHI,WR,2,4,3,75,19,0,10,4.8,6.3,0,0,0,0,0,0,2.4,4.9
196,Daurice Fountain,IND,WR,5,3,2,66.7,23,0,12,7.7,11.5,0,0,0,0,0,0,0.9,4.3
197,Antonio Callaway,MIA,WR,5,4,2,50,20,0,13,5,10,0,0,0,0,0,0,0.8,4
198,John Ross,CIN,WR,3,7,2,28.6,17,0,15,2.4,8.5,0,0,0,0,0,0,1.2,3.7
199,Penny Hart,SEA,WR,13,1,1,100,3,0,3,3,3,1,19,19,0,0,0,0.2,3.2
200,Bennie Fowler,NO,WR,5,6,2,33.3,11,0,7,1.8,5.5,0,0,0,0,0,0,0.6,3.1
200,Andre Roberts,BUF,WR,15,5,4,80,34,0,16,6.8,8.5,1,-3,-3,0,3,2,0.2,3.1
202,Tommylee Lewis,NO,WR,5,3,1,33.3,5,0,5,1.7,5,2,14,7,0,0,0,0.6,2.9
202,Donte Moncrief,NE,WR,6,2,1,50,15,0,15,7.5,15,1,4,4,0,0,0,0.5,2.9
204,Jaleel Scott,NYJ,WR,1,1,1,100,16,0,16,16,16,0,0,0,0,0,0,2.6,2.6
205,James Proche II,BAL,WR,14,3,1,33.3,14,0,14,4.7,14,0,0,0,0,0,0,0.2,2.4
206,Keith Kirkwood,CAR,WR,1,2,1,50,13,0,13,6.5,13,0,0,0,0,0,0,2.3,2.3
206,Vyncint Smith,NYJ,WR,7,3,1,33.3,13,0,13,4.3,13,0,0,0,0,0,0,0.3,2.3
208,Cody Hollister,TEN,WR,2,1,1,100,12,0,12,12,12,0,0,0,0,0,0,1.1,2.2
209,Marcus Kemp,MIA,WR,10,1,1,100,11,0,11,11,11,0,0,0,0,0,0,0.2,2.1
210,Gehrig Dieter,KC,WR,4,2,1,50,10,0,10,5,10,0,0,0,0,0,0,0.5,2
211,Trenton Irwin,CIN,WR,1,2,1,50,5,0,5,2.5,5,0,0,0,0,0,0,1.5,1.5
212,JoJo Natson,CLE,WR,3,0,0,0,0,0,0,0,0,1,3,3,0,0,0,0.1,0.3
213,Matthew Slater,NE,WR,16,0,0,0,0,0,0,0,0,0,0,0,0,0,0,0,0
213,Dezmon Patmon,IND,WR,1,0,0,0,0,0,0,0,0,0,0,0,0,0,0,0,0
213,Chris Moore,BAL,WR,3,0,0,0,0,0,0,0,0,0,0,0,0,0,0,0,0
213,Tajae Sharpe,MIN,WR,4,3,0,0,0,0,0,0,0,0,0,0,0,0,0,0,0
213,K.J. Osborn,MIN,WR,9,0,0,0,0,0,0,0,0,0,0,0,0,2,0,0,0
213,Dan Chisena,MIN,WR,14,0,0,0,0,0,0,0,0,0,0,0,0,0,0,0,0
213,Jason Moore Jr.,LAC,WR,2,0,0,0,0,0,0,0,0,0,0,0,0,0,0,0,0
213,Cyril Grayson Jr.,TB,WR,3,3,0,0,0,0,0,0,0,0,0,0,0,0,0,0,0
213,Malik Turner,DAL,WR,6,0,0,0,0,0,0,0,0,0,0,0,0,0,0,0,0
213,Johnny Holton,NYG,WR,1,0,0,0,0,0,0,0,0,0,0,0,0,0,0,0,0
213,Keelan Doss,LV,WR,1,0,0,0,0,0,0,0,0,0,0,0,0,0,0,0,0
213,Hakeem Butler,PHI,WR,2,1,0,0,0,0,0,0,0,0,0,0,0,0,0,0,0
213,Reggie Begelton,GB,WR,1,0,0,0,0,0,0,0,0,0,0,0,0,0,0,0,0
213,Kevin White,SF,WR,3,0,0,0,0,0,0,0,0,0,0,0,0,0,0,0,0
213,Taywan Taylor,CLE,WR,3,1,0,0,0,0,0,0,0,0,0,0,0,0,0,0,0
213,Deon Cain,PIT,WR,2,0,0,0,0,0,0,0,0,0,0,0,0,0,0,0,0
213,Trey Quinn,JAX,WR,1,0,0,0,0,0,0,0,0,0,0,0,0,0,0,0,0
213,Alex Bachman,NYG,WR,1,0,0,0,0,0,0,0,0,0,0,0,0,0,0,0,0
213,Marken Michel,CAR,WR,2,0,0,0,0,0,0,0,0,0,0,0,0,0,0,0,0
213,Jeff Badet,WAS,WR,3,1,0,0,0,0,0,0,0,0,0,0,0,0,0,0,0
213,Tony Brown,WAS,WR,1,0,0,0,0,0,0,0,0,0,0,0,0,0,0,0,0
213,Duke Williams,BUF,WR,1,0,0,0,0,0,0,0,0,0,0,0,0,0,0,0,0
213,Fred Brown,DEN,WR,1,0,0,0,0,0,0,0,0,0,0,0,0,0,0,0,0
213,Isaiah Coulter,HOU,WR,1,0,0,0,0,0,0,0,0,0,0,0,0,0,0,0,0
213,Kirk Merritt,MIA,WR,1,0,0,0,0,0,0,0,0,0,0,0,0,0,0,0,0
213,Kristian Wilkerson,NE,WR,1,0,0,0,0,0,0,0,0,0,0,0,0,0,0,0,0
213,Juwann Winfree,GB,WR,2,0,0,0,0,0,0,0,0,0,0,0,0,0,0,0,0
213,Matt Cole,SF,WR,1,0,0,0,0,0,0,0,0,0,0,0,0,0,0,0,0
213,Stanley Morgan,CIN,WR,6,0,0,0,0,0,0,0,0,0,0,0,0,0,0,0,0
213,Chris Rowland,ATL,WR,2,0,0,0,0,0,0,0,0,0,0,0,0,0,0,0,0
213,Derrick Willies,CLE,WR,1,0,0,0,0,0,0,0,0,0,0,0,0,0,0,0,0
244,DeAndre Carter,CHI,WR,13,2,1,50,8,0,8,4,8,0,0,0,0,2,1,0,-0.2
245,Dede Westbrook,JAX,WR,2,1,1,100,4,0,4,4,4,0,0,0,0,1,1,-0.3,-0.6
246,Nsimba Webster,LAR,WR,16,0,0,0,0,0,0,0,0,0,0,0,0,3,1,-0.1,-2
246,Dwayne Harris,CHI,WR,3,0,0,0,0,0,0,0,0,0,0,0,0,1,1,-0.7,-2
248,Kendall Hinton,DEN,WR,1,0,0,0,0,0,0,0,0,2,7,3.5,0,0,0,-2.8,-2.78
,,,,,,,,,,,,,,,,,,,,
,,,,,,,,,,,,,,,,,,,,
2021,,,,,,,,,,,,,,,,,,,,
,,,,,,,,,,,,,,,,,,,,
1,Cooper Kupp,LAR,WR,17,191,145,75.9,1947,16,59,10.2,13.4,4,18,4.5,0,0,0,25.9,439.5
2,Davante Adams,GB,WR,16,169,123,72.8,1553,11,59,9.2,12.6,0,0,0,0,0,0,21.5,344.3
3,Deebo Samuel,SF,WR,16,121,77,63.6,1405,6,83,11.6,18.2,59,365,6.2,8,4,2,21.2,338.96
4,Justin Jefferson,MIN,WR,17,167,108,64.7,1616,10,56,9.7,15,6,14,2.3,0,1,1,19.4,330.4
5,Ja'Marr Chase,CIN,WR,17,128,81,63.3,1455,13,82,11.4,18,7,21,3,0,2,1,17.9,304.6
6,Tyreek Hill,KC,WR,17,159,111,69.8,1239,9,75,7.8,11.2,9,96,10.7,0,2,1,17.4,296.5
7,Stefon Diggs,BUF,WR,17,165,103,62.4,1225,10,61,7.4,11.9,0,0,0,0,1,0,16.8,285.5
8,Diontae Johnson,PIT,WR,16,169,107,63.3,1161,8,50,6.9,10.9,5,53,10.6,0,2,2,17.2,274.4
9,Mike Evans,TB,WR,16,114,74,64.9,1035,14,46,9.1,14,1,10,10,0,0,0,16.4,262.5
10,Hunter Renfrow,LV,WR,17,128,103,80.5,1038,9,54,8.1,10.1,3,3,1,0,5,1,15.2,259.1
11,Keenan Allen,LAC,WR,16,157,106,67.5,1138,6,42,7.2,10.7,0,0,0,0,1,0,16.1,257.8
12,Mike Williams,LAC,WR,16,129,76,58.9,1146,9,72,8.9,15.1,0,0,0,0,0,0,15.4,246.6
13,Jaylen Waddle,MIA,WR,16,141,104,73.8,1015,6,57,7.2,9.8,2,3,1.5,1,2,1,15.4,245.8
14,DK Metcalf,SEA,WR,17,129,75,58.1,967,12,84,7.5,12.9,1,6,6,0,1,0,14.4,244.3
15,Chris Godwin,TB,WR,14,128,98,76.6,1103,5,44,8.6,11.3,4,21,5.2,1,2,2,17.3,242.4
16,Tyler Lockett,SEA,WR,16,107,73,68.2,1175,8,69,11,16.1,2,9,4.5,0,0,0,15.1,241.4
17,Michael Pittman Jr.,IND,WR,17,129,88,68.2,1082,6,57,8.4,12.3,5,44,8.8,0,1,0,14,238.6
18,DJ Moore,CAR,WR,17,163,93,57.1,1157,4,64,7.1,12.4,8,48,6,0,1,1,14,237.5
19,CeeDee Lamb,DAL,WR,16,120,79,65.8,1102,6,49,9.2,13.9,9,76,8.4,0,0,0,14.6,232.8
20,Brandin Cooks,HOU,WR,16,134,90,67.2,1037,6,52,7.7,11.5,2,21,10.5,0,0,0,14.5,231.8
21,Amon-Ra St. Brown,DET,WR,17,119,90,75.6,912,5,37,7.7,10.1,7,61,8.7,1,0,0,13.4,227.3
22,Marquise Brown,BAL,WR,16,145,91,62.8,1008,6,49,7,11.1,1,5,5,0,3,1,14.1,226.3
23,Darnell Mooney,CHI,WR,17,140,81,57.9,1055,4,64,7.5,13,6,32,5.3,1,0,0,12.9,219.7
24,Tee Higgins,CIN,WR,14,110,74,67.3,1091,6,54,9.9,14.7,0,0,0,0,1,1,15.6,219.1
25,Terry McLaurin,WAS,WR,17,130,77,59.2,1053,5,46,8.1,13.7,1,12,12,0,0,0,12.6,213.5
26,Christian Kirk,ARI,WR,17,103,77,74.8,982,5,50,9.5,12.8,1,11,11,0,0,0,12.2,207.62
27,Amari Cooper,DAL,WR,15,103,68,66,865,8,41,8.4,12.7,0,0,0,0,1,0,13.5,202.5
28,Adam Thielen,MIN,WR,13,95,67,70.5,726,10,35,7.6,10.8,1,2,2,0,1,0,15.4,199.8
29,Jakobi Meyers,NE,WR,17,126,83,65.9,866,2,39,6.9,10.4,1,9,9,0,1,1,11,186.3
30,DeVonta Smith,PHI,WR,17,104,64,61.5,916,5,46,8.8,14.3,0,0,0,0,1,1,10.9,185.6
31,Tyler Boyd,CIN,WR,16,94,67,71.3,828,5,68,8.8,12.4,2,22,11,0,1,0,11.5,183.84
32,A.J. Brown,TEN,WR,13,105,63,60,869,5,57,8.3,13.8,2,10,5,0,0,0,13.9,180.9
33,Kendrick Bourne,NE,WR,17,70,55,78.6,800,5,75,11.4,14.5,12,125,10.4,0,1,1,10.6,180.5
34,Marvin Jones Jr.,JAX,WR,17,120,73,60.8,832,4,33,6.9,11.4,0,0,0,0,0,0,10.6,180.2
35,Brandon Aiyuk,SF,WR,17,84,56,66.7,826,5,43,9.8,14.8,5,17,3.4,0,2,1,10,170.3
36,Van Jefferson,LAR,WR,17,89,50,56.2,802,6,79,9,16,2,20,10,0,0,0,9.9,168.2
37,Chase Claypool,PIT,WR,15,105,59,56.2,860,2,59,8.2,14.6,14,96,6.9,0,0,0,11.1,166.6
38,Russell Gage O,ATL,WR,14,94,66,70.2,770,4,49,8.2,11.7,0,0,0,0,2,2,11.6,163
39,Cole Beasley,BUF,WR,16,112,82,73.2,693,1,29,6.2,8.5,0,0,0,0,1,0,10,159.3
40,K.J. Osborn,MIN,WR,17,82,50,61,655,7,64,8,13.1,1,10,10,0,0,0,9.3,158.5
41,A.J. Green,ARI,WR,16,92,54,58.7,848,3,42,9.2,15.7,0,0,0,0,0,0,9.8,156.8
42,Tim Patrick IR,DEN,WR,16,85,53,62.4,734,5,44,8.6,13.8,0,0,0,0,0,0,9.8,156.4
43,Marquez Callaway,NO,WR,17,84,46,54.8,698,6,58,8.3,15.2,0,0,0,0,0,0,8.9,151.8
44,Courtland Sutton,DEN,WR,17,98,58,59.2,776,2,55,7.9,13.4,0,0,0,0,0,0,8.8,150.24
45,Cedrick Wilson Jr.,DAL,WR,16,61,45,73.8,602,6,73,9.9,13.4,2,11,5.5,0,3,0,9.2,147.82
46,DeAndre Hopkins,ARI,WR,10,64,42,65.6,572,8,55,8.9,13.6,0,0,0,0,0,0,14.7,147.2
47,Allen Lazard,GB,WR,15,60,40,66.7,513,8,42,8.6,12.8,3,32,10.7,0,0,0,9.5,142.5
48,Mecole Hardman Jr.,KC,WR,17,83,59,71.1,693,2,53,8.3,11.7,8,46,5.8,0,3,2,8.3,140.9
49,Robbie Chosen,CAR,WR,17,110,53,48.2,519,5,57,4.7,9.8,3,36,12,0,0,0,8.1,138.5
50,Elijah Moore,NYJ,WR,11,77,43,55.8,538,5,62,7,12.5,5,54,10.8,1,0,0,12.6,138.2
51,Robert Woods,LAR,WR,9,69,45,65.2,556,4,28,8.1,12.4,8,46,5.8,1,0,0,15.2,137.2
52,Jarvis Landry,CLE,WR,12,87,52,59.8,570,2,38,6.6,11,6,40,6.7,2,3,2,11.1,133
53,Kalif Raymond,DET,WR,16,71,48,67.6,576,4,75,8.1,12,4,28,7,0,0,0,8.3,132.4
54,Emmanuel Sanders,BUF,WR,14,72,42,58.3,626,4,41,8.7,14.9,2,31,15.5,0,0,0,9.4,131.7
55,Odell Beckham Jr.,LAR,WR,14,82,44,53.7,537,5,54,6.5,12.2,2,14,7,0,0,0,9.2,129.1
56,Laviska Shenault Jr.,JAX,WR,16,99,63,63.6,619,0,58,6.3,9.8,11,41,3.7,0,1,1,7.9,127
57,Byron Pringle,KC,WR,17,60,42,70,568,5,40,9.5,13.5,0,0,0,0,2,1,7.5,126.8
58,Gabe Davis,BUF,WR,16,63,35,55.6,549,6,49,8.7,15.7,0,0,0,0,0,0,7.9,125.9
59,Antonio Brown,TB,WR,7,62,42,67.7,545,4,62,8.8,13,1,6,6,0,0,0,17.3,121.1
60,Quez Watkins,PHI,WR,17,62,43,69.4,647,1,91,10.4,15,1,3,3,0,0,0,6.8,116
61,Braxton Berrios,NYJ,WR,16,65,46,70.8,431,2,46,6.6,9.4,7,40,5.7,2,1,1,7.2,115.1
62,Deonte Harty,NO,WR,13,59,36,61,570,3,72,9.7,15.8,5,41,8.2,0,2,1,8.7,113.1
63,Donovan Peoples-Jones,CLE,WR,14,58,34,58.6,597,3,60,10.3,17.6,0,0,0,0,2,1,7.8,109.7
63,Jamison Crowder,NYJ,WR,12,71,51,71.8,447,2,29,6.3,8.8,0,0,0,0,1,1,9.1,109.7
65,Bryan Edwards,LV,WR,16,59,34,57.6,571,3,51,9.7,16.8,1,0,0,0,1,0,6.8,109.1
65,Rondale Moore,ARI,WR,14,65,54,83.1,435,1,77,6.7,8.1,18,76,4.2,0,3,1,7.8,109.1
67,Nick Westbrook-Ikhine,TEN,WR,16,57,38,66.7,476,4,46,8.4,12.5,0,0,0,0,1,1,6.7,107.6
68,Zay Jones,LV,WR,17,70,47,67.1,546,1,43,7.8,11.6,2,3,1.5,0,1,1,6.2,105.9
69,Corey Davis,NYJ,WR,9,59,34,57.6,492,4,53,8.3,14.5,0,0,0,0,2,1,11.7,105.2
70,DeVante Parker,MIA,WR,10,73,40,54.8,515,2,42,7.1,12.9,0,0,0,0,0,0,10.4,103.5
70,Rashod Bateman,BAL,WR,12,67,46,68.7,515,1,36,7.7,11.2,0,0,0,0,0,0,8.6,103.5
72,Nelson Agholor,NE,WR,15,64,37,57.8,473,3,44,7.4,12.8,3,11,3.7,0,0,0,6.9,103.4
73,Jalen Guyton PUP,LAC,WR,16,48,31,64.6,448,3,59,9.3,14.5,7,34,4.9,0,1,0,6.1,97.2
74,Zach Pascal,IND,WR,16,69,38,55.1,384,3,41,5.6,10.1,2,21,10.5,0,1,1,5.9,94.5
75,Randall Cobb,GB,WR,12,39,28,71.8,375,5,54,9.6,13.4,1,1,1,0,1,1,7.8,93.6
76,Joshua Palmer,LAC,WR,17,49,33,67.3,353,4,36,7.2,10.7,1,6,6,0,0,0,5.5,92.9
77,Michael Gallup,DAL,WR,9,62,35,56.5,445,2,41,7.2,12.7,0,0,0,0,0,0,10.2,91.5
78,Olamide Zaccheaus,ATL,WR,17,53,31,58.5,406,3,49,7.7,13.1,1,2,2,0,0,0,5.3,89.8
79,Kenny Golladay,NYG,WR,14,76,37,48.7,521,0,36,6.9,14.1,0,0,0,0,0,0,6.4,89.1
80,Tre'Quan Smith,NO,WR,11,50,32,64,377,3,34,7.5,11.8,0,0,0,0,1,0,8,87.7
81,Marquez Valdes-Scantling,GB,WR,11,55,26,47.3,430,3,75,7.8,16.5,0,0,0,0,0,0,7.9,87
81,Allen Robinson II,CHI,WR,12,66,38,57.6,410,1,39,6.2,10.8,0,0,0,0,0,0,7.2,87
83,Freddie Swain,SEA,WR,17,40,25,62.5,343,4,68,8.6,13.7,5,32,6.4,0,1,0,5.1,86.5
84,Jerry Jeudy,DEN,WR,10,56,38,67.9,467,0,40,8.3,12.3,2,3,1.5,0,1,0,8.5,85
85,Henry Ruggs III,LV,WR,7,36,24,66.7,469,2,61,13,19.5,3,16,5.3,0,0,0,12.1,84.5
86,Nico Collins,HOU,WR,14,61,33,54.1,446,1,32,7.3,13.5,0,0,0,0,0,0,6,83.6
87,Devin Duvernay,BAL,WR,16,47,33,70.2,272,2,21,5.8,8.2,7,50,7.1,1,1,0,5.2,83.2
88,Laquon Treadwell,JAX,WR,12,51,33,64.7,434,1,41,8.5,13.2,0,0,0,0,0,0,6.9,82.4
89,Kadarius Toney,NYG,WR,10,57,39,68.4,420,0,38,7.4,10.8,3,6,2,0,0,0,8.2,82.36
90,Jauan Jennings,SF,WR,16,38,24,63.2,282,5,34,7.4,11.8,0,0,0,0,1,0,5.1,82.2
91,Josh Reynolds,DET,WR,12,49,29,59.2,396,2,39,8.1,13.7,0,0,0,0,0,0,6.7,80.6
92,DeAndre Carter,WAS,WR,17,44,24,54.5,296,3,26,6.7,12.3,10,89,8.9,0,3,0,4.7,80.5
93,Julio Jones,TEN,WR,10,48,31,64.6,434,1,51,9,14,0,0,0,0,0,0,8,80.4
94,Adam Humphries,WAS,WR,17,62,41,66.1,383,0,27,6.2,9.3,0,0,0,0,0,0,4.7,79.3
95,Keelan Cole Sr.,NYJ,WR,15,51,28,54.9,449,1,54,8.8,16,0,0,0,0,0,0,5.3,78.9
96,Jalen Reagor,PHI,WR,17,57,33,57.9,299,2,34,5.2,9.1,10,32,3.2,0,2,0,4.6,78.1
97,Sterling Shepard,NYG,WR,7,53,36,67.9,366,1,37,6.9,10.2,1,-9,-9,0,0,0,11.1,77.7
98,DeSean Jackson,LV,WR,16,34,20,58.8,454,2,75,13.4,22.7,1,4,4,0,1,1,4.7,75.8
99,T.Y. Hilton,IND,WR,10,37,23,62.2,331,3,52,8.9,14.4,0,0,0,0,0,0,7.4,74.1
100,Tyler Johnson,TB,WR,17,55,36,65.5,360,0,31,6.5,10,0,0,0,0,0,0,4.2,72
101,Calvin Ridley,ATL,WR,5,52,31,59.6,281,2,22,5.4,9.1,0,0,0,0,0,0,14.2,71.1
102,Sammy Watkins,BAL,WR,13,49,27,55.1,394,1,49,8,14.6,0,0,0,0,1,1,5.4,70.4
103,Jamal Agnew,JAX,WR,10,39,24,61.5,229,1,29,5.9,9.5,7,111,15.9,1,1,0,7,70
104,Demarcus Robinson,KC,WR,17,41,25,61,264,3,33,6.4,10.6,0,0,0,0,0,0,4.1,69.4
105,Danny Amendola,HOU,WR,8,37,24,64.9,248,3,39,6.7,10.3,0,0,0,0,1,0,8.6,68.8
106,Darius Slayton,NYG,WR,13,58,26,44.8,339,2,42,5.8,13,1,-13,-13,0,1,1,5.3,68.6
107,Ray-Ray McCloud III O,PIT,WR,16,66,39,59.1,277,0,24,4.2,7.1,2,15,7.5,0,4,1,4.1,66.2
108,James Washington,PIT,WR,15,44,24,54.5,285,2,42,6.5,11.9,2,13,6.5,0,0,0,4.4,65.8
109,Chester Rogers,TEN,WR,16,43,30,69.8,301,1,39,7,10,1,9,9,0,4,1,4.1,65
110,Damiere Byrd IR,CHI,WR,17,38,26,68.4,329,1,54,8.7,12.7,0,0,0,0,1,1,3.8,64.9
111,Chris Conley,HOU,WR,16,37,22,59.5,323,2,41,8.7,14.7,1,3,3,0,1,1,4,64.6
112,Mack Hollins,MIA,WR,17,28,14,50,223,4,65,8,15.9,0,0,0,0,0,0,3.5,60.3
113,Antoine Wesley,ARI,WR,15,32,19,59.4,208,3,33,6.5,10.9,0,0,0,0,0,0,3.9,57.8
114,Rashard Higgins,CLE,WR,15,47,24,51.1,275,1,21,5.9,11.5,0,0,0,0,0,0,3.8,57.5
115,Marquise Goodwin,CHI,WR,14,40,20,50,313,1,50,7.8,15.6,2,-1,-0.5,0,0,0,4.1,57.2
116,Chris Moore,HOU,WR,12,22,21,95.5,227,2,67,10.3,10.8,0,0,0,0,0,0,4.6,55.7
117,Isaiah McKenzie,BUF,WR,15,26,20,76.9,178,1,28,6.8,8.9,9,47,5.2,1,2,1,3.5,52.5
118,Tavon Austin,JAX,WR,13,37,24,64.9,213,1,25,5.8,8.9,3,21,7,0,1,1,4,51.4
119,Lil'Jordan Humphrey,NO,WR,10,18,13,72.2,249,2,56,13.8,19.2,0,0,0,0,0,0,5,49.9
120,Quintez Cephus SUS,DET,WR,5,23,15,65.2,204,2,46,8.9,13.6,0,0,0,0,0,0,9.9,49.4
121,Brandon Zylstra,CAR,WR,13,25,18,72,250,1,55,10,13.9,0,0,0,0,0,0,3.8,49
122,Cam Sims,WAS,WR,14,23,15,65.2,211,2,43,9.2,14.1,1,7,7,0,0,0,3.5,48.8
123,Tajae Sharpe,ATL,WR,15,37,25,67.6,230,0,17,6.2,9.2,0,0,0,0,0,0,3.2,48
123,Albert Wilson,MIA,WR,14,39,25,64.1,213,0,64,5.5,8.5,4,17,4.2,0,0,0,3.4,48
125,Ashton Dulin IR,IND,WR,17,22,13,59.1,173,2,62,7.9,13.3,3,32,10.7,0,0,0,2.7,45.5
126,Malik Turner,DAL,WR,14,16,12,75,149,3,61,9.3,12.4,0,0,0,0,0,0,3.2,44.9
127,Cyril Grayson Jr.,TB,WR,5,12,10,83.3,212,2,62,17.7,21.2,1,14,14,0,0,0,8.9,44.6
128,John Ross,NYG,WR,10,20,11,55,224,1,52,11.2,20.4,1,16,16,0,1,0,4.1,41
129,Isaiah Ford,MIA,WR,13,17,12,70.6,161,2,52,9.5,13.4,0,0,0,0,0,0,3.1,40.1
130,Kendall Hinton,DEN,WR,16,23,15,65.2,175,1,40,7.6,11.7,0,0,0,0,0,0,2.4,38.54
131,James Proche II,BAL,WR,14,20,16,80,202,0,32,10.1,12.6,0,0,0,0,0,0,2.6,36.2
132,JuJu Smith-Schuster,PIT,WR,5,28,15,53.6,129,0,24,4.6,8.6,3,9,3,1,0,0,7,34.8
133,Greg Ward,PHI,WR,17,11,7,63.6,95,3,27,8.6,13.6,0,0,0,0,0,0,2,34.58
134,DJ Chark Jr.,JAX,WR,4,22,7,31.8,154,2,41,7,22,0,0,0,0,0,0,8.6,34.4
134,Noah Brown,DAL,WR,13,25,16,64,184,0,27,7.4,11.5,0,0,0,0,0,0,2.6,34.4
136,Jakeem Grant Sr.,CHI,WR,15,17,11,64.7,132,2,46,7.8,12,5,33,6.6,0,3,3,2.2,33.5
137,Anthony Schwartz,CLE,WR,14,23,10,43.5,135,1,44,5.9,13.5,6,39,6.5,0,0,0,2.4,33.4
137,Breshad Perriman,TB,WR,6,18,11,61.1,167,1,58,9.3,15.2,1,-3,-3,0,0,0,5.6,33.4
139,Terrace Marshall Jr.,CAR,WR,13,30,17,56.7,138,0,23,4.6,8.1,0,0,0,0,0,0,2.5,32.8
140,Mohamed Sanu,SF,WR,8,24,15,62.5,177,0,21,7.4,11.8,0,0,0,0,0,0,4.1,32.7
141,Parris Campbell,IND,WR,6,20,10,50,162,1,51,8.1,16.2,0,0,0,0,0,0,5.4,32.2
142,KhaDarel Hodge,DET,WR,16,27,13,48.1,157,0,42,5.8,12.1,0,0,0,0,0,0,1.9,30.7
143,Ty Montgomery,NO,WR,14,26,16,61.5,95,0,21,3.7,5.9,15,44,2.9,0,0,0,2.1,29.9
144,Ihmir Smith-Marsette,MIN,WR,8,6,5,83.3,116,2,44,19.3,23.2,0,0,0,0,0,0,3.6,28.6
145,N'Keal Harry,NE,WR,12,22,12,54.5,184,0,43,8.4,15.3,0,0,0,0,1,1,2.4,28.4
146,Dee Eskridge SUS,SEA,WR,10,20,10,50,64,1,17,3.2,6.4,4,59,14.8,0,0,0,2.8,28.3
147,Dyami Brown,WAS,WR,15,25,12,48,165,0,48,6.6,13.8,1,-4,-4,0,0,0,1.9,28.1
148,Dante Pettis,NYG,WR,3,16,10,62.5,87,1,27,5.4,8.7,0,0,0,0,1,0,8.4,25.34
149,Marcus Johnson,TEN,WR,7,19,9,47.4,160,0,50,8.4,17.8,2,-2,-1,0,0,0,3.5,24.8
150,Ben Skowronek,LAR,WR,14,20,11,55,133,0,35,6.6,12.1,0,0,0,0,0,0,1.7,24.3
151,Trent Sherfield,SF,WR,17,20,9,45,87,1,18,4.4,9.7,0,0,0,0,0,0,1.4,23.7
152,Collin Johnson,NYG,WR,12,21,11,52.4,105,0,16,5,9.5,0,0,0,0,0,0,1.8,21.5
153,Denzel Mims,NYJ,WR,11,23,8,34.8,133,0,40,5.8,16.6,0,0,0,0,0,0,1.9,21.3
154,Trinity Benson,DET,WR,8,22,10,45.5,103,0,24,4.7,10.3,0,0,0,0,0,0,2.5,20.3
155,Kristian Wilkerson,NE,WR,3,8,4,50,42,2,20,5.2,10.5,0,0,0,0,0,0,6.7,20.2
155,Equanimeous St. Brown,GB,WR,13,17,9,52.9,98,0,26,5.8,10.9,3,14,4.7,0,0,0,1.6,20.2
157,Jeff Smith,NYJ,WR,12,17,8,47.1,113,0,35,6.6,14.1,1,-1,-1,0,0,0,1.6,19.2
158,Scott Miller,TB,WR,9,9,5,55.6,38,0,13,4.2,7.6,2,43,21.5,1,0,0,2.1,19.1
159,Kenny Stills,NO,WR,13,23,6,26.1,68,1,22,3,11.3,1,1,1,0,0,0,1.5,18.9
160,Tom Kennedy,DET,WR,12,10,6,60,54,0,15,5.4,9,0,0,0,0,0,0,1.5,18.4
161,Phillip Dorsett,HOU,WR,6,14,7,50,110,0,36,7.9,15.7,1,0,0,0,0,0,3,18
162,Dede Westbrook,MIN,WR,15,15,10,66.7,68,0,17,4.5,6.8,0,0,0,0,2,0,1.1,16.8
163,Shi Smith,CAR,WR,6,11,6,54.5,104,0,63,9.5,17.3,1,-3,-3,0,0,0,2.7,16.1
164,Dez Fitzpatrick,TEN,WR,4,8,5,62.5,49,1,18,6.1,9.8,0,0,0,0,0,0,4,15.9
165,Dax Milne,WAS,WR,13,14,9,64.3,83,0,22,5.9,9.2,1,1,1,0,1,1,1.2,15.4
166,Anthony Miller,PIT,WR,3,12,6,50,25,1,10,2.1,4.2,0,0,0,0,0,0,4.8,14.5
167,Josh Gordon,KC,WR,12,14,5,35.7,32,1,11,2.3,6.4,0,0,0,0,0,0,1.2,14.2
168,Chris Hogan,NO,WR,5,8,4,50,41,1,16,5.1,10.2,0,0,0,0,0,0,2.8,14.1
169,Preston Williams,MIA,WR,8,16,6,37.5,71,0,34,4.4,11.8,1,7,7,0,0,0,1.7,13.8
170,Auden Tate,CIN,WR,7,4,3,75,39,1,18,9.8,13,0,0,0,0,0,0,1.8,12.9
170,Penny Hart,SEA,WR,17,12,7,58.3,59,0,16,4.9,8.4,0,0,0,0,0,0,0.8,12.9
172,KJ Hamler,DEN,WR,3,10,5,50,74,0,28,7.4,14.8,0,0,0,0,0,0,4.1,12.4
173,Juwann Winfree,GB,WR,7,13,8,61.5,58,0,12,4.5,7.2,0,0,0,0,2,1,1.7,11.8
174,Jaelon Darden,TB,WR,9,12,6,50,43,0,29,3.6,7.2,1,11,11,0,0,0,1.3,11.4
175,Cameron Batson,TEN,WR,4,5,2,40,15,1,13,3,7.5,2,15,7.5,0,0,0,2.8,11
176,Ja'Marcus Bradley,CLE,WR,5,4,4,100,64,0,37,16,16,0,0,0,0,0,0,2.1,10.4
177,Mike Thomas,CIN,WR,12,11,5,45.5,52,0,19,4.7,10.4,0,0,0,0,0,0,0.8,10.2
178,Dezmon Patmon,IND,WR,8,4,2,50,21,1,14,5.2,10.5,0,0,0,0,0,0,1.3,10.1
179,Curtis Samuel,WAS,WR,5,9,6,66.7,27,0,10,3,4.5,4,11,2.8,0,0,0,2,9.8
180,C.J. Board,NYG,WR,6,6,4,66.7,51,0,38,8.5,12.8,1,6,6,0,0,0,1.6,9.7
181,Amari Rodgers,GB,WR,16,8,4,50,45,0,19,5.6,11.2,1,11,11,0,2,0,0.6,9.6
182,Jason Moore Jr.,LAC,WR,2,4,3,75,56,0,24,14,18.7,0,0,0,0,0,0,4.3,8.6
182,William Fuller V,MIA,WR,2,8,4,50,26,0,10,3.2,6.5,0,0,0,0,0,0,4.3,8.6
184,Alex Erickson,CAR,WR,17,4,3,75,55,0,25,13.8,18.3,0,0,0,0,0,0,0.5,8.5
185,Cody White,PIT,WR,15,6,5,83.3,33,0,11,5.5,6.6,0,0,0,0,0,0,0.6,8.3
186,Willie Snead IV,CAR,WR,9,8,4,50,38,0,15,4.8,9.5,0,0,0,0,0,0,0.9,7.8
187,Pharoh Cooper,NYG,WR,8,11,4,36.4,33,0,15,3,8.2,1,3,3,0,0,0,1,7.6
188,Cody Hollister,TEN,WR,3,7,4,57.1,33,0,14,4.7,8.2,0,0,0,0,0,0,2.4,7.3
189,Greg Dortch,ARI,WR,5,3,3,100,15,0,10,5,5,1,24,24,0,0,0,1.4,6.9
190,D.J. Montgomery,NYJ,WR,3,6,3,50,36,0,14,6,12,0,0,0,0,0,0,2.2,6.6
191,Christian Blake,ATL,WR,16,10,4,40,25,0,8,2.5,6.2,0,0,0,0,0,0,0.4,6.5
192,Trent Taylor,CIN,WR,4,3,2,66.7,41,0,26,13.7,20.5,0,0,0,0,0,0,1.5,6.1
193,Gunner Olszewski,NE,WR,16,3,2,66.7,31,0,22,10.3,15.5,1,9,9,0,3,0,0.4,6
193,KJ Hill Jr.,LAC,WR,6,3,3,100,30,0,19,10,10,0,0,0,0,0,0,1,6
195,J.J. Arcega-Whiteside,PHI,WR,16,5,2,40,36,0,23,7.2,18,0,0,0,0,0,0,0.4,5.6
196,Trenton Irwin,CIN,WR,7,5,2,40,34,0,25,6.8,17,0,0,0,0,0,0,0.8,5.4
197,Kevin White,NO,WR,6,5,1,20,38,0,38,7.6,38,0,0,0,0,0,0,0.8,4.8
197,Jake Kumerow,BUF,WR,15,6,2,33.3,28,0,15,4.7,14,0,0,0,0,0,0,0.3,4.8
199,Keith Kirkwood,CAR,WR,3,7,3,42.9,17,0,7,2.4,5.7,0,0,0,0,0,0,1.6,4.7
200,Mike Strachan,IND,WR,5,3,2,66.7,26,0,16,8.7,13,0,0,0,0,0,0,0.9,4.6
201,Seth Williams,DEN,WR,2,1,1,100,34,0,34,34,34,0,0,0,0,0,0,2.2,4.4
201,Marcus Kemp,KC,WR,16,5,2,40,24,0,16,4.8,12,0,0,0,0,0,0,0.3,4.4
203,Tylan Wallace,BAL,WR,17,6,2,33.3,23,0,18,3.8,11.5,0,0,0,0,0,0,0.3,4.3
203,Dazz Newsome,CHI,WR,3,5,2,40,23,0,13,4.6,11.5,0,0,0,0,0,0,1.4,4.3
205,David Sills V,NYG,WR,4,6,2,33.3,17,0,12,2.8,8.5,0,0,0,0,0,0,0.9,3.7
206,Tyron Johnson,LV,WR,10,5,2,40,16,0,10,3.2,8,0,0,0,0,0,0,0.4,3.6
207,Tyrell Williams,DET,WR,1,3,2,66.7,14,0,7,4.7,7,0,0,0,0,0,0,3.4,3.4
207,Stanley Morgan,CIN,WR,17,4,2,50,11,0,8,2.8,5.5,1,3,3,0,0,0,0.2,3.4
209,C.J. Saunders,CAR,WR,1,2,2,100,11,0,8,5.5,5.5,0,0,0,0,0,0,3.1,3.1
210,Jaydon Mickens,JAX,WR,11,3,2,66.7,10,0,12,3.3,5,0,0,0,0,1,0,0.3,3
211,Davion Davis,HOU,WR,2,3,1,33.3,17,0,17,5.7,17,0,0,0,0,0,0,1.4,2.7
212,Frank Darby,ATL,WR,10,4,1,25,14,0,14,3.5,14,0,0,0,0,0,0,0.2,2.4
212,Andre Roberts,LAC,WR,16,2,1,50,35,0,35,17.5,35,3,19,6.3,0,3,2,0.2,2.4
214,Andy Isabella,ARI,WR,8,1,1,100,13,0,13,13,13,0,0,0,0,0,0,0.3,2.3
214,Kirk Merritt,MIA,WR,2,3,1,33.3,13,0,13,4.3,13,0,0,0,0,0,0,1.2,2.3
216,Marvin Hall,ATL,WR,2,1,1,100,10,0,10,10,10,0,0,0,0,0,0,1,2
216,Tarik Black,NYJ,WR,1,2,1,50,10,0,10,5,10,0,0,0,0,0,0,2,2
218,Tommylee Lewis,MIA,WR,2,2,1,50,7,0,7,3.5,7,0,0,0,0,0,0,0.8,1.7
219,Miles Boykin,BAL,WR,8,1,1,100,6,0,6,6,6,0,0,0,0,0,0,0.2,1.6
220,Keke Coutee,IND,WR,2,1,1,100,5,0,5,5,5,0,0,0,0,0,0,0.8,1.5
220,Easop Winston Jr.,NO,WR,3,1,1,100,5,0,5,5,5,0,0,0,0,0,0,0.5,1.5
222,Malik Taylor,GB,WR,10,3,2,66.7,14,0,7,4.7,7,0,0,0,0,1,1,0.1,1.4
223,Racey McMath,TEN,WR,9,6,2,33.3,8,0,9,1.3,4,0,0,0,0,1,1,0.1,0.8
224,Maurice Ffrench,LAC,WR,3,0,0,0,0,0,0,0,0,1,3,3,0,0,0,0.1,0.3
225,Simi Fehoko,DAL,WR,5,0,0,0,0,0,0,0,0,0,0,0,0,0,0,0,0
225,Devin Smith,JAX,WR,1,1,0,0,0,0,0,0,0,0,0,0,0,0,0,0,0
225,Matthew Slater,NE,WR,17,0,0,0,0,0,0,0,0,0,0,0,0,0,0,0,0
225,Daurice Fountain,KC,WR,2,0,0,0,0,0,0,0,0,0,0,0,0,0,0,0,0
225,Nsimba Webster,CHI,WR,6,0,0,0,0,0,0,0,0,0,0,0,0,1,0,0,0
225,Tutu Atwell,LAR,WR,8,0,0,0,0,0,0,0,0,0,0,0,0,1,0,0,0
225,Jacob Harris,LAR,WR,9,0,0,0,0,0,0,0,0,0,0,0,0,0,0,0,0
225,DeMichael Harris,IND,WR,2,0,0,0,0,0,0,0,0,0,0,0,0,0,0,0,0
225,Cody Thompson,SEA,WR,5,0,0,0,0,0,0,0,0,0,0,0,0,0,0,0,0
225,David Moore,GB,WR,3,2,0,0,0,0,0,0,0,0,0,0,0,0,0,0,0
225,Tyrie Cleveland,DEN,WR,7,1,0,0,0,0,0,0,0,0,0,0,0,0,0,0,0
225,Geronimo Allison,DET,WR,3,2,0,0,0,0,0,0,0,0,0,0,0,0,0,0,0
225,Dan Chisena,MIN,WR,11,0,0,0,0,0,0,0,0,0,0,0,0,0,0,0,0
225,John Brown,JAX,WR,4,3,0,0,0,0,0,0,0,0,0,0,0,0,0,0,0
225,Mason Kinsey,TEN,WR,1,0,0,0,0,0,0,0,0,0,0,0,0,0,0,0,0
225,Aaron Parker,CAR,WR,1,0,0,0,0,0,0,0,0,0,0,0,0,0,0,0,0
225,Marcell Ateman,LV,WR,1,0,0,0,0,0,0,0,0,0,0,0,0,0,0,0,0
225,Dillon Stoner,LV,WR,6,0,0,0,0,0,0,0,0,0,0,0,0,0,0,0,0
225,John Hightower,PHI,WR,1,0,0,0,0,0,0,0,0,0,0,0,0,1,0,0,0
225,JoJo Natson,CLE,WR,3,0,0,0,0,0,0,0,0,0,0,0,0,0,0,0,0
225,Steven Sims,PIT,WR,1,0,0,0,0,0,0,0,0,0,0,0,0,0,0,0,0
225,Isaiah Coulter,CHI,WR,2,1,0,0,0,0,0,0,0,0,0,0,0,0,0,0,0
225,Marquez Stevenson PUP,BUF,WR,5,0,0,0,0,0,0,0,0,0,0,0,0,2,0,0,0
225,Matt Cole,CAR,WR,1,0,0,0,0,0,0,0,0,0,0,0,0,0,0,0,0
225,Landen Akers,LAR,WR,2,0,0,0,0,0,0,0,0,0,0,0,0,0,0,0,0
225,Rodney Adams,CHI,WR,1,1,0,0,0,0,0,0,0,0,0,0,0,0,0,0,0
225,Pooka Williams Jr.,CIN,WR,1,0,0,0,0,0,0,0,0,0,0,0,0,0,0,0,0
225,Brandon Powell,LAR,WR,6,0,0,0,0,0,0,0,0,0,0,0,0,0,0,0,0
225,River Cracraft,SF,WR,4,0,0,0,0,0,0,0,0,0,0,0,0,0,0,0,0
225,Vyncint Smith,NYJ,WR,2,1,0,0,0,0,0,0,0,0,0,0,0,0,0,0,0
225,Jordan Veasy,HOU,WR,2,0,0,0,0,0,0,0,0,0,0,0,0,0,0,0,0
225,Michael Bandy,LAC,WR,1,0,0,0,0,0,0,0,0,0,0,0,0,0,0,0,0
225,Jalen Camp,HOU,WR,3,0,0,0,0,0,0,0,0,0,0,0,0,0,0,0,0
225,Isaiah Hodgins,BUF,WR,1,0,0,0,0,0,0,0,0,0,0,0,0,0,0,0,0
225,Josh Hammond,JAX,WR,2,0,0,0,0,0,0,0,0,0,0,0,0,0,0,0,0
225,Justin Watson,TB,WR,1,0,0,0,0,0,0,0,0,0,0,0,0,0,0,0,0
225,Kawaan Baker,NO,WR,2,0,0,0,0,0,0,0,0,0,0,0,0,0,0,0,0
225,Austin Trammell,ATL,WR,2,0,0,0,0,0,0,0,0,0,0,0,0,0,0,0,0
225,Jeff Cotton,JAX,WR,1,0,0,0,0,0,0,0,0,0,0,0,0,0,0,0,0
225,Travis Fulgham,DEN,WR,1,0,0,0,0,0,0,0,0,0,0,0,0,0,0,0,0
225,Aaron Fuller,SEA,WR,1,0,0,0,0,0,0,0,0,0,0,0,0,0,0,0,0
266,Alex Bachman,NYG,WR,3,0,0,0,0,0,0,0,0,1,-3,-3,0,0,0,-0.1,-0.3
267,Travis Benjamin,SF,WR,10,5,0,0,0,0,0,0,0,0,0,0,0,1,1,-0.2,-2
267,J.J. Koski,LAR,WR,5,0,0,0,0,0,0,0,0,0,0,0,0,1,1,-0.4,-2
269,Diontae Spencer,DEN,WR,15,4,1,25,-3,0,0,-0.8,-3,0,0,0,0,2,2,-0.2,-3.3
,,,,,,,,,,,,,,,,,,,,
,,,,,,,,,,,,,,,,,,,,
2022,,,,,,,,,,,,,,,,,,,,
,,,,,,,,,,,,,,,,,,,,
1,Justin Jefferson,MIN,WR,17,184,128,69.6,1809,8,64,9.8,14.1,4,24,6,1,0,0,21.7,368.66
2,Tyreek Hill,MIA,WR,17,170,119,70,1710,7,64,10.1,14.4,7,32,4.6,2,1,0,20.4,347.2
3,Davante Adams,LV,WR,17,180,100,55.6,1516,14,60,8.4,15.2,3,-1,-0.3,0,1,0,19.7,335.5
4,Stefon Diggs,BUF,WR,16,154,108,70.1,1429,11,53,9.3,13.2,1,-3,-3,0,1,0,19.8,316.6
5,CeeDee Lamb,DAL,WR,17,156,107,68.6,1359,9,39,8.7,12.7,10,47,4.7,0,0,0,17.7,301.6
6,A.J. Brown,PHI,WR,17,146,88,60.3,1496,11,78,10.2,17,0,0,0,0,2,2,17.6,299.6
7,Amon-Ra St. Brown,DET,WR,16,146,106,72.6,1161,6,49,8,11,9,95,10.6,0,0,0,16.7,267.6
8,Jaylen Waddle,MIA,WR,17,117,75,64.1,1356,8,84,11.6,18.1,3,26,8.7,0,1,1,15.2,259.2
9,DeVonta Smith,PHI,WR,17,136,95,69.9,1196,7,45,8.8,12.6,0,0,0,0,1,1,15,254.6
10,Amari Cooper,CLE,WR,17,132,78,59.1,1160,9,55,8.8,14.9,0,0,0,0,0,0,14.5,246
11,Ja'Marr Chase,CIN,WR,12,134,87,64.9,1046,9,60,7.8,12,5,8,1.6,0,2,2,20.2,242.4
12,Christian Kirk,JAX,WR,17,133,84,63.2,1108,8,49,8.3,13.2,5,11,2.2,0,1,1,14.2,241.9
13,Tyler Lockett,SEA,WR,16,117,84,71.8,1033,9,40,8.8,12.3,0,0,0,0,2,2,14.8,237.3
14,Terry McLaurin,WAS,WR,17,120,77,64.2,1191,5,52,9.9,15.5,7,29,4.1,0,1,0,13.5,229
15,Brandon Aiyuk,SF,WR,17,114,78,68.4,1015,8,54,8.9,13,2,23,11.5,0,1,1,13.4,227.8
16,DK Metcalf,SEA,WR,17,141,90,63.8,1048,6,54,7.4,11.6,0,0,0,0,2,2,13.3,226.8
17,Mike Evans,TB,WR,15,127,77,60.6,1124,6,63,8.9,14.6,0,0,0,0,0,0,15,225.4
18,Chris Godwin,TB,WR,15,142,104,73.2,1023,3,44,7.2,9.8,3,5,1.7,0,2,2,14.9,222.8
19,Tee Higgins,CIN,WR,16,109,74,67.9,1029,7,59,9.4,13.9,0,0,0,0,0,0,13.8,220.9
20,Michael Pittman Jr.,IND,WR,16,141,99,70.2,925,4,28,6.6,9.3,3,30,10,0,2,1,13.5,216.5
21,Garrett Wilson,NYJ,WR,17,147,83,56.5,1103,4,60,7.5,13.3,4,4,1,0,2,1,12.7,215.7
22,Jerry Jeudy,DEN,WR,15,100,67,67,972,6,67,9.7,14.5,4,40,10,0,0,0,13.6,204.2
23,Cooper Kupp,LAR,WR,9,98,75,76.5,812,6,75,8.3,10.8,9,52,5.8,1,2,1,22.4,201.4
24,DJ Moore,CAR,WR,17,118,63,53.4,888,7,62,7.5,14.1,10,53,5.3,0,0,0,11.7,199.1
25,Chris Olave,NO,WR,15,119,72,60.5,1042,4,53,8.8,14.5,0,0,0,0,2,2,13.2,198.2
26,Zay Jones,JAX,WR,16,121,82,67.8,823,5,59,6.8,10,4,18,4.5,0,0,0,12.4,198.1
27,JuJu Smith-Schuster,KC,WR,16,101,78,77.2,933,3,53,9.2,12,0,0,0,0,3,2,11.6,185.3
28,Diontae Johnson,PIT,WR,17,147,86,58.5,882,0,37,6,10.3,7,25,3.6,0,1,0,10.6,180.7
29,Jakobi Meyers,NE,WR,14,96,67,69.8,804,6,48,8.4,12,2,-11,-5.5,0,2,2,12.9,180.3
30,Adam Thielen,MIN,WR,17,107,70,65.4,716,6,36,6.7,10.2,1,4,4,0,0,0,10.6,180
31,Drake London,ATL,WR,17,117,72,61.5,866,4,40,7.4,12,0,0,0,0,3,3,10.5,178.6
32,Mike Williams,LAC,WR,13,93,63,67.7,895,4,55,9.6,14.2,0,0,0,0,0,0,13.6,176.5
33,Curtis Samuel,WAS,WR,17,92,64,69.6,656,4,49,7.1,10.2,38,187,4.9,1,1,1,10.4,176.3
34,Allen Lazard,GB,WR,15,100,60,60,788,6,47,7.9,13.1,2,0,0,0,0,0,11.7,174.8
35,Gabe Davis,BUF,WR,15,93,48,51.6,836,7,98,9,17.4,0,0,0,0,1,1,11.4,171.6
36,Joshua Palmer,LAC,WR,16,107,72,67.3,769,3,50,7.2,10.7,1,4,4,0,1,0,10.6,169.3
37,Deebo Samuel,SF,WR,13,94,56,59.6,632,2,57,6.7,11.3,42,232,5.5,3,3,2,13,168.4
38,Tyler Boyd,CIN,WR,16,82,58,70.7,762,5,60,9.3,13.1,0,0,0,0,0,0,10.4,167.12
39,George Pickens,PIT,WR,17,84,52,61.9,801,4,42,9.5,15.4,3,24,8,1,0,0,9.8,166.5
40,Christian Watson,GB,WR,14,66,41,62.1,611,7,63,9.3,14.9,7,80,11.4,2,0,0,11.7,164.1
41,Keenan Allen,LAC,WR,10,89,66,74.2,752,4,46,8.4,11.4,1,8,8,0,1,1,16.4,164
42,Donovan Peoples-Jones,CLE,WR,17,96,61,63.5,839,3,42,8.7,13.8,1,2,2,0,1,1,9.5,161.1
43,Courtland Sutton,DEN,WR,15,109,64,58.7,829,2,51,7.6,13,1,5,5,0,0,0,10.6,159.4
44,Marquise Brown,ARI,WR,12,107,67,62.6,709,3,47,6.6,10.6,1,1,1,0,1,0,13,156
45,K.J. Osborn,MIN,WR,17,90,60,66.7,650,5,66,7.2,10.8,3,6,2,0,1,0,9.2,155.6
46,Mack Hollins,LV,WR,17,94,57,60.6,690,4,60,7.3,12.1,4,40,10,0,0,0,9.1,154.16
47,DeAndre Hopkins,ARI,WR,9,96,64,66.7,717,3,33,7.5,11.2,0,0,0,0,2,1,16.9,151.7
48,Parris Campbell,IND,WR,17,91,63,69.2,623,3,49,6.8,9.9,5,58,11.6,0,1,0,8.8,149.1
49,Brandin Cooks,HOU,WR,13,93,57,61.3,699,3,44,7.5,12.3,2,7,3.5,0,0,0,11.2,145.6
50,Richie James,NYG,WR,17,70,57,81.4,569,4,33,8.1,10,2,6,3,0,3,3,7.8,132.5
51,Jahan Dotson,WAS,WR,12,61,35,57.4,523,7,61,8.6,14.9,2,-7,-3.5,0,0,0,10.9,130.6
52,Darius Slayton,NYG,WR,16,71,46,64.8,724,2,55,10.2,15.7,0,0,0,0,2,1,8,128.4
53,Russell Gage O,TB,WR,13,70,51,72.9,426,5,23,6.1,8.4,0,0,0,0,1,1,9.5,123.6
54,Marquez Valdes-Scantling,KC,WR,17,81,42,51.9,687,2,57,8.5,16.4,1,-3,-3,0,0,0,7.2,122.4
55,Isaiah McKenzie,BUF,WR,15,65,42,64.6,423,4,30,6.5,10.1,9,55,6.1,1,0,0,8,119.8
56,Marvin Jones Jr.,JAX,WR,16,81,46,56.8,529,3,37,6.5,11.5,0,0,0,0,0,0,7.3,116.9
57,Robert Woods,TEN,WR,17,91,53,58.2,527,2,41,5.8,9.9,0,0,0,0,1,1,6.8,115.7
58,Chris Moore,HOU,WR,16,74,48,64.9,548,2,52,7.4,11.4,3,3,1,0,0,0,7.2,115.1
59,Noah Brown,DAL,WR,16,73,43,58.9,555,3,51,7.6,12.9,0,0,0,0,1,1,7.2,114.5
60,Greg Dortch,ARI,WR,16,64,52,81.2,467,2,47,7.3,9,7,44,6.3,0,1,1,7.1,113.1
61,Alec Pierce,IND,WR,16,78,41,52.6,593,2,47,7.6,14.5,0,0,0,0,1,0,7,112.3
61,DeAndre Carter,LAC,WR,17,65,46,70.8,538,3,35,8.3,11.7,2,-15,-7.5,0,3,2,6.6,112.3
63,Kalif Raymond,DET,WR,17,64,47,73.4,616,0,56,9.6,13.1,7,36,5.1,0,3,1,6.5,110.2
64,Devin Duvernay,BAL,WR,14,49,37,75.5,407,3,31,8.3,11,12,84,7,1,1,0,7.9,110.1
65,Olamide Zaccheaus,ATL,WR,17,61,40,65.6,533,3,45,8.7,13.3,2,7,3.5,0,1,1,6.5,110
66,Michael Gallup,DAL,WR,14,74,39,52.7,424,4,27,5.7,10.9,0,0,0,0,0,0,7.5,105.4
67,Chase Claypool,CHI,WR,15,79,46,58.2,451,1,31,5.7,9.8,9,59,6.6,0,1,1,7,105.04
68,Josh Reynolds,DET,WR,14,59,38,64.4,479,3,31,8.1,12.6,0,0,0,0,0,0,7.4,103.9
69,Demarcus Robinson,BAL,WR,17,75,48,64,458,2,31,6.1,9.5,0,0,0,0,2,1,6.1,103.8
70,DeVante Parker,NE,WR,13,47,31,66,539,3,43,11.5,17.4,0,0,0,0,0,0,7.9,102.9
71,Romeo Doubs,GB,WR,13,67,42,62.7,425,3,26,6.3,10.1,1,11,11,0,2,1,7.8,101.6
72,Darnell Mooney,CHI,WR,12,61,40,65.6,493,2,56,8.1,12.3,1,2,2,0,0,0,8.5,101.5
73,Rashid Shaheed,NO,WR,12,34,28,82.4,488,2,68,14.4,17.4,4,57,14.2,1,1,0,8.4,100.5
74,Isaiah Hodgins,NYG,WR,10,48,37,77.1,392,4,29,8.2,10.6,0,0,0,0,1,1,10,100.2
75,DJ Chark Jr.,DET,WR,11,52,30,57.7,502,3,51,9.7,16.7,0,0,0,0,0,0,8.9,98.2
76,Corey Davis,NYJ,WR,13,64,32,50,536,2,66,8.4,16.8,0,0,0,0,0,0,7.5,97.6
77,Nico Collins,HOU,WR,10,66,37,56.1,481,2,58,7.3,13,0,0,0,0,0,0,9.7,97.1
78,Treylon Burks,TEN,WR,11,54,33,61.1,444,1,51,8.2,13.5,4,47,11.8,1,0,0,8.6,94.1
79,Mecole Hardman Jr.,KC,WR,8,34,25,73.5,297,4,36,8.7,11.9,4,31,7.8,2,1,0,11.7,93.8
80,Marquise Goodwin,SEA,WR,13,42,27,64.3,387,4,38,9.2,14.3,2,5,2.5,0,0,0,6.9,90.2
81,Kendrick Bourne,NE,WR,16,48,35,72.9,434,1,41,9,12.4,6,39,6.5,0,2,0,5.5,88.3
82,Elijah Moore,NYJ,WR,16,65,37,56.9,446,1,42,6.9,12.1,5,5,1,0,1,0,5.5,88.1
83,Rondale Moore,ARI,WR,8,56,41,73.2,414,1,38,7.4,10.1,6,-5,-0.8,0,0,0,11,87.9
84,Allen Robinson II,LAR,WR,10,52,33,63.5,339,3,29,6.5,10.3,0,0,0,0,0,0,8.5,84.9
85,Quez Watkins,PHI,WR,17,50,33,66,354,3,53,7.1,10.7,3,1,0.3,0,1,1,5,84.5
86,Ben Skowronek,LAR,WR,14,61,39,63.9,376,0,32,6.2,9.6,1,17,17,1,0,0,6,84.3
87,Trent Sherfield,MIA,WR,17,51,30,58.8,417,2,75,8.2,13.9,0,0,0,0,0,0,4.9,83.7
88,Terrace Marshall Jr.,CAR,WR,14,47,28,59.6,490,1,43,10.4,17.5,0,0,0,0,2,0,5.9,83
89,Nick Westbrook-Ikhine,TEN,WR,17,50,25,50,397,3,63,7.9,15.9,0,0,0,0,0,0,4.9,82.7
90,Jauan Jennings,SF,WR,16,56,35,62.5,416,1,44,7.4,11.9,0,0,0,0,1,0,5.2,82.6
91,Randall Cobb,GB,WR,13,50,34,68,417,1,40,8.3,12.3,0,0,0,0,1,0,6.3,81.7
92,Hunter Renfrow,LV,WR,10,50,36,72,330,2,27,6.6,9.2,0,0,0,0,3,1,7.9,79
93,Van Jefferson,LAR,WR,11,44,24,54.5,369,3,39,8.4,15.4,0,0,0,0,0,0,7.2,78.9
94,Nelson Agholor,NE,WR,16,53,31,58.5,362,2,44,6.8,11.7,0,0,0,0,2,2,4.7,75.2
95,Laviska Shenault Jr.,CAR,WR,13,32,27,84.4,272,1,67,8.5,10.1,9,65,7.2,1,0,0,5.6,72.7
96,Julio Jones,TB,WR,10,43,24,55.8,299,2,48,7,12.5,5,45,9,0,0,0,7,70.4
97,Jamal Agnew,JAX,WR,15,30,23,76.7,187,3,24,6.2,8.1,12,86,7.2,0,0,0,4.7,70.3
98,Tyquan Thornton,NE,WR,13,45,22,48.9,247,2,29,5.5,11.2,3,16,5.3,1,0,0,5.1,66.3
99,Dante Pettis,CHI,WR,17,41,19,46.3,245,3,51,6,12.9,2,37,18.5,0,1,0,3.8,65.2
100,Equanimeous St. Brown,CHI,WR,16,38,21,55.3,323,1,56,8.5,15.4,6,54,9,0,1,0,4,64.7
101,Trenton Irwin,CIN,WR,9,23,15,65.2,231,4,45,10,15.4,1,11,11,0,0,0,7,63.2
101,Tutu Atwell,LAR,WR,13,35,18,51.4,298,1,62,8.5,16.6,9,34,3.8,1,0,0,4.9,63.2
103,Shi Smith,CAR,WR,17,41,22,53.7,296,2,38,7.2,13.5,0,0,0,0,4,1,3.6,61.6
103,A.J. Green,ARI,WR,15,47,24,51.1,236,2,77,5,9.8,0,0,0,0,0,0,4.1,61.6
105,Jarvis Landry,NO,WR,9,39,25,64.1,272,1,40,7,10.9,0,0,0,0,1,0,6.7,60.2
106,Justin Watson,KC,WR,17,34,15,44.1,315,2,67,9.3,21,0,0,0,0,0,0,3.4,58.5
107,Ray-Ray McCloud III O,SF,WR,17,25,14,56,243,1,42,9.7,17.4,4,78,19.5,1,2,0,3.4,58.1
108,Braxton Berrios,NYJ,WR,17,32,18,56.2,145,0,25,4.5,8.1,9,91,10.1,2,2,0,3.4,57.68
109,Kadarius Toney,KC,WR,9,20,16,80,171,2,38,8.6,10.7,7,82,11.7,1,1,1,6.4,57.3
110,Kendall Hinton,DEN,WR,12,33,24,72.7,311,0,35,9.4,13,2,13,6.5,0,0,0,4.7,56.4
111,Rashod Bateman,BAL,WR,6,28,15,53.6,285,2,75,10.2,19,0,0,0,0,1,1,8.9,53.5
112,Tre'Quan Smith,NO,WR,15,27,19,70.4,278,1,48,10.3,14.6,0,0,0,0,0,0,3.5,52.8
113,Robbie Chosen,ARI,WR,16,44,20,45.5,282,1,75,6.4,14.1,0,0,0,0,1,1,3.3,52.2
114,Damiere Byrd IR,ATL,WR,14,23,13,56.5,268,2,75,11.7,20.6,0,0,0,0,0,0,3.7,51.8
115,Phillip Dorsett,HOU,WR,15,40,20,50,257,1,34,6.4,12.8,0,0,0,0,0,0,3.4,51.7
116,Wan'Dale Robinson PUP,NYG,WR,6,31,23,74.2,227,1,19,7.3,9.9,2,-1,-0.5,0,0,0,8.6,51.6
117,Michael Thomas,NO,WR,3,22,16,72.7,171,3,21,7.8,10.7,0,0,0,0,0,0,17,51.1
118,Brandon Powell,LAR,WR,17,32,24,75,156,0,16,4.9,6.5,17,80,4.7,0,1,0,2.8,47.6
119,Sammy Watkins,BAL,WR,12,27,16,59.3,325,0,55,12,20.3,0,0,0,0,1,1,3.9,46.5
120,David Bell,CLE,WR,16,35,24,68.6,214,0,20,6.1,8.9,0,0,0,0,0,0,2.8,45.4
121,Skyy Moore,KC,WR,16,33,22,66.7,250,0,30,7.6,11.4,3,24,8,0,3,3,2.7,43.4
122,Ashton Dulin IR,IND,WR,12,22,15,68.2,207,1,39,9.4,13.8,2,8,4,0,0,0,3.5,42.5
123,Scott Miller,TB,WR,15,40,23,57.5,185,0,23,4.6,8,1,8,8,0,0,0,2.8,42.3
124,KhaDarel Hodge,ATL,WR,17,20,13,65,202,1,39,10.1,15.5,0,0,0,0,0,0,2.4,41.2
125,Amari Rodgers,HOU,WR,16,25,16,64,204,1,37,8.2,12.8,2,7,3.5,0,6,2,2.4,39.1
126,Marquez Callaway,NO,WR,14,32,16,50,158,1,33,4.9,9.9,0,0,0,0,0,0,2.7,37.8
127,Zach Pascal,PHI,WR,17,19,15,78.9,150,1,34,7.9,10,1,0,0,0,0,0,2.1,36
128,Byron Pringle,CHI,WR,11,16,10,62.5,135,2,35,8.4,13.5,0,0,0,0,0,0,3.2,35.5
129,Sterling Shepard,NYG,WR,3,24,13,54.2,154,1,65,6.4,11.8,0,0,0,0,0,0,11.5,34.4
130,Khalil Shakir,BUF,WR,14,20,10,50,161,1,31,8,16.1,0,0,0,0,0,0,2.4,34.1
131,Velus Jones Jr.,CHI,WR,12,14,7,50,107,1,44,7.6,15.3,9,103,11.4,1,4,3,2.8,34
132,Jalen Nailor,MIN,WR,15,13,9,69.2,179,1,47,13.8,19.9,0,0,0,0,0,0,2.2,32.9
133,Dyami Brown,WAS,WR,15,14,5,35.7,143,2,75,10.2,28.6,1,15,15,0,0,0,2.2,32.8
134,Steven Sims,PIT,WR,12,23,14,60.9,104,0,28,4.5,7.4,13,70,5.4,0,3,0,2.6,31.4
135,River Cracraft,MIA,WR,11,14,9,64.3,102,2,22,7.3,11.3,0,0,0,0,0,0,2.8,31.2
136,Keelan Cole Sr.,LV,WR,14,21,10,47.6,141,1,30,6.7,14.1,0,0,0,0,1,0,2.2,30.1
137,Denzel Mims,NYJ,WR,10,25,11,44,186,0,63,7.4,16.9,0,0,0,0,0,0,3,29.6
138,Jalen Reagor,MIN,WR,17,13,8,61.5,104,1,38,8,13,4,25,6.2,0,4,0,1.6,26.9
139,Cedrick Wilson Jr.,MIA,WR,15,18,12,66.7,136,0,21,7.6,11.3,1,8,8,0,0,0,1.8,26.4
140,KJ Hamler,DEN,WR,7,14,7,50,165,0,55,11.8,23.6,2,23,11.5,0,0,0,3.7,25.8
141,N'Keal Harry,CHI,WR,7,9,7,77.8,116,1,49,12.9,16.6,0,0,0,0,0,0,3.5,24.6
142,DeSean Jackson,BAL,WR,7,17,9,52.9,153,0,62,9,17,0,0,0,0,0,0,3.5,24.3
143,Breshad Perriman,TB,WR,11,19,9,47.4,110,1,28,5.8,12.2,2,-7,-3.5,0,2,1,2.1,23.3
144,Tom Kennedy,DET,WR,7,15,8,53.3,141,0,44,9.4,17.6,0,0,0,0,0,0,3.2,22.1
145,David Sills V,NYG,WR,9,17,11,64.7,106,0,24,6.2,9.6,0,0,0,0,0,0,2.4,21.6
146,Jeff Smith,NYJ,WR,11,11,8,72.7,134,0,50,12.2,16.8,0,0,0,0,0,0,1.9,21.4
147,Kenny Golladay,NYG,WR,12,17,6,35.3,81,1,25,4.8,13.5,0,0,0,0,0,0,1.7,20.1
148,Samori Toure,GB,WR,11,10,5,50,82,1,37,8.2,16.4,0,0,0,0,1,0,1.7,19.2
149,T.Y. Hilton,DAL,WR,3,10,7,70,121,0,52,12.1,17.3,0,0,0,0,0,0,6.4,19.1
150,Marcus Johnson,NYG,WR,14,22,9,40.9,99,0,18,4.5,11,0,0,0,0,0,0,1.4,18.9
150,Michael Bandy,LAC,WR,10,21,10,47.6,89,0,25,4.2,8.9,0,0,0,0,0,0,1.9,18.9
152,Anthony Schwartz,CLE,WR,11,10,4,40,51,0,19,5.1,12.8,4,57,14.2,1,1,1,1.7,18.8
153,Cam Sims,WAS,WR,17,18,8,44.4,89,0,21,4.9,11.1,0,0,0,0,0,0,1,16.9
154,Dax Milne,WAS,WR,15,7,6,85.7,37,1,12,5.3,6.2,0,0,0,0,1,0,1,15.7
155,Jameson Williams SUS,DET,WR,6,9,1,11.1,41,1,41,4.6,41,1,40,40,0,0,0,2.5,15.1
156,Brandon Johnson,DEN,WR,7,14,6,42.9,42,1,12,3,7,0,0,0,0,1,1,2,14.2
157,Dee Eskridge SUS,SEA,WR,10,13,7,53.8,58,0,16,4.5,8.3,2,10,5,0,0,0,1.4,13.8
158,Jalen Virgil,DEN,WR,9,5,2,40,75,1,66,15,37.5,0,0,0,0,1,1,1.5,13.5
159,Gunner Olszewski,PIT,WR,16,7,5,71.4,53,0,31,7.6,10.6,8,39,4.9,0,3,1,0.8,12.2
159,James Proche II,BAL,WR,15,17,8,47.1,62,0,12,3.6,7.8,0,0,0,0,0,0,0.8,12.2
161,Jamison Crowder,BUF,WR,4,13,6,46.2,60,0,16,4.6,10,0,0,0,0,1,0,3,12
162,Kyle Philips,TEN,WR,4,13,8,61.5,78,0,21,6,9.8,0,0,0,0,2,2,3,11.8
163,Trent Taylor,CIN,WR,16,10,6,60,62,0,34,6.2,10.3,4,15,3.8,0,2,1,0.7,11.7
164,Andre Baccellia,ARI,WR,8,10,7,70,45,0,11,4.5,6.4,0,0,0,0,0,0,1.4,11.5
165,Freddie Swain,DEN,WR,4,6,4,66.7,74,0,52,12.3,18.5,0,0,0,0,1,0,2.8,11.4
166,John Brown,BUF,WR,3,2,1,50,42,1,42,21,42,0,0,0,0,0,0,3.7,11.2
167,Deven Thompkins,TB,WR,5,10,5,50,32,0,13,3.2,6.4,2,26,13,0,1,0,2.2,10.8
168,Jake Kumerow,BUF,WR,6,7,4,57.1,64,0,39,9.1,16,0,0,0,0,0,0,1.7,10.4
169,Ty Montgomery,NE,WR,1,4,3,75,15,1,7,3.8,5,2,-2,-1,0,0,0,10.3,10.3
170,Laquon Treadwell,SEA,WR,6,10,6,60,42,0,17,4.2,7,0,0,0,0,0,0,1.7,10.2
171,Cole Beasley,BUF,WR,4,7,6,85.7,35,0,9,5,5.8,0,0,0,0,0,0,2.4,9.5
172,Kevin White,NO,WR,7,5,2,40,74,0,64,14.8,37,0,0,0,0,0,0,1.3,9.4
173,Michael Woods II,CLE,WR,11,10,5,50,45,0,15,4.5,9,1,-5,-5,0,0,0,0.8,9
174,Mike Strachan,IND,WR,13,9,3,33.3,59,0,23,6.6,19.7,0,0,0,0,0,0,0.7,8.9
175,Chris Conley,TEN,WR,9,7,4,57.1,46,0,27,6.6,11.5,0,0,0,0,0,0,1,8.6
176,Jalen Guyton PUP,LAC,WR,3,4,2,50,64,0,54,16,32,0,0,0,0,0,0,2.8,8.4
176,Cody Hollister,TEN,WR,11,5,3,60,54,0,27,10.8,18,0,0,0,0,0,0,0.8,8.4
178,Tylan Wallace,BAL,WR,9,7,4,57.1,33,0,12,4.7,8.2,0,0,0,0,0,0,0.8,7.3
179,Racey McMath,TEN,WR,5,8,2,25,40,0,39,5,20,1,4,4,0,0,0,1.3,6.4
180,Tim Jones,JAX,WR,17,4,3,75,30,0,20,7.5,10,0,0,0,0,0,0,0.4,6
181,Mike Thomas,CIN,WR,10,10,2,20,38,0,33,3.8,19,0,0,0,0,0,0,0.6,5.8
182,Simi Fehoko,DAL,WR,5,4,3,75,24,0,12,6,8,0,0,0,0,0,0,1.1,5.4
183,Montrell Washington,DEN,WR,15,9,4,44.4,2,0,4,0.2,0.5,5,30,6,0,5,1,0.3,5.2
184,Penny Hart,SEA,WR,9,4,3,75,20,0,15,5,6.7,0,0,0,0,0,0,0.6,5
185,Jaelon Darden,CLE,WR,14,2,2,100,26,0,25,13,13,1,2,2,0,0,0,0.3,4.8
185,Tyrie Cleveland,DEN,WR,6,7,2,28.6,28,0,16,4,14,0,0,0,0,0,0,0.8,4.8
187,Daylen Baldwin,CLE,WR,1,2,2,100,25,0,15,12.5,12.5,0,0,0,0,0,0,4.5,4.5
187,Bryan Edwards,ATL,WR,7,5,3,60,15,0,10,3,5,0,0,0,0,0,0,0.6,4.5
189,Dezmon Patmon,IND,WR,1,6,2,33.3,24,0,17,4,12,0,0,0,0,0,0,4.4,4.4
189,Dareke Young,SEA,WR,13,2,2,100,24,0,12,12,12,0,0,0,0,0,0,0.3,4.4
191,Andy Isabella,BAL,WR,5,5,2,40,21,0,11,4.2,10.5,1,1,1,0,0,0,0.8,4.2
192,Cade Johnson,SEA,WR,3,4,2,50,21,0,11,5.2,10.5,0,0,0,0,0,0,1.4,4.1
192,Pharoh Cooper,ARI,WR,5,2,2,100,6,0,3,3,3,4,15,3.8,0,0,0,0.8,4.1
194,Lil'Jordan Humphrey,NE,WR,6,4,2,50,20,0,11,5,10,0,0,0,0,0,0,0.7,4
195,Keith Kirkwood,NO,WR,5,4,2,50,18,0,14,4.5,9,0,0,0,0,0,0,0.8,3.8
196,Dennis Houston,DAL,WR,2,6,2,33.3,16,0,11,2.7,8,0,0,0,0,0,0,1.8,3.6
197,Quintez Cephus SUS,DET,WR,4,3,2,66.7,15,0,9,5,7.5,0,0,0,0,0,0,0.9,3.5
198,Nsimba Webster,CHI,WR,2,3,2,66.7,14,0,8,4.7,7,0,0,0,0,1,0,1.7,3.4
199,Austin Trammell,LAR,WR,6,4,2,50,13,0,8,3.2,6.5,0,0,0,0,0,0,0.6,3.3
200,Jalen Tolbert,DAL,WR,8,3,2,66.7,12,0,8,4,6,0,0,0,0,0,0,0.4,3.2
201,Miles Boykin,PIT,WR,16,3,2,66.7,11,0,11,3.7,5.5,0,0,0,0,0,0,0.2,3.1
202,Danny Gray,SF,WR,13,7,1,14.3,10,0,10,1.4,10,1,9,9,0,0,0,0.2,2.9
203,Juwann Winfree,GB,WR,3,4,1,25,17,0,17,4.2,17,0,0,0,0,0,0,0.9,2.7
204,DJ Turner,LV,WR,9,1,0,0,0,0,0,0,0,4,26,6.5,0,1,0,0.3,2.6
205,Frank Darby,ATL,WR,5,1,1,100,15,0,15,15,15,0,0,0,0,0,0,0.5,2.5
206,Tyron Johnson,HOU,WR,4,1,1,100,8,0,8,8,8,0,0,0,0,0,0,0.4,1.8
207,Maurice Alexander,DET,WR,4,1,1,100,7,0,7,7,7,0,0,0,0,0,0,0.4,1.7
207,Jalen Camp,HOU,WR,2,1,1,100,7,0,7,7,7,0,0,0,0,0,0,0.8,1.7
207,Braylon Sanders,MIA,WR,3,3,2,66.7,17,0,13,5.7,8.5,0,0,0,0,1,1,0.6,1.7
210,Jacob Harris,LAR,WR,7,1,1,100,6,0,6,6,6,0,0,0,0,0,0,0.2,1.6
210,C.J. Board,TEN,WR,4,1,1,100,6,0,6,6,6,0,0,0,0,1,0,0.4,1.6
212,Jason Moore Jr.,LAC,WR,6,2,1,50,5,0,5,2.5,5,0,0,0,0,0,0,0.2,1.5
213,Erik Ezukanma,MIA,WR,1,1,1,100,3,0,3,3,3,0,0,0,0,0,0,1.3,1.3
213,Mason Kinsey,TEN,WR,2,1,1,100,3,0,3,3,3,0,0,0,0,1,0,0.6,1.3
213,Deonte Harty,NO,WR,4,2,2,100,13,0,9,6.5,6.5,0,0,0,0,2,1,0.3,1.3
216,Cody White,PIT,WR,1,1,1,100,2,0,2,2,2,0,0,0,0,0,0,1.2,1.2
217,Keke Coutee,IND,WR,8,1,1,100,20,0,20,20,20,0,0,0,0,4,1,0.1,1
218,Ihmir Smith-Marsette,KC,WR,8,4,1,25,15,0,15,3.8,15,1,-1,-1,0,1,1,0,0.4
219,Lance McCutcheon,LAR,WR,10,5,0,0,0,0,0,0,0,0,0,0,0,0,0,0,0
219,Matthew Slater,NE,WR,17,0,0,0,0,0,0,0,0,0,0,0,0,0,0,0,0
219,Jared Bernhardt,ATL,WR,2,0,0,0,0,0,0,0,0,0,0,0,0,0,0,0,0
219,Malik Turner,SF,WR,3,0,0,0,0,0,0,0,0,0,0,0,0,0,0,0,0
219,Britain Covey,PHI,WR,17,0,0,0,0,0,0,0,0,0,0,0,0,2,0,0,0
219,Andre Roberts,CAR,WR,3,0,0,0,0,0,0,0,0,0,0,0,0,1,0,0,0
219,Rashard Higgins,CAR,WR,3,0,0,0,0,0,0,0,0,0,0,0,0,0,0,0,0
219,Stanley Morgan,CIN,WR,14,1,0,0,0,0,0,0,0,0,0,0,0,0,0,0,0
219,Tyler Johnson,HOU,WR,2,0,0,0,0,0,0,0,0,0,0,0,0,0,0,0,0
219,Kaylon Geiger,TB,WR,3,0,0,0,0,0,0,0,0,0,0,0,0,0,0,0,0
219,Raleigh Webb,NE,WR,12,0,0,0,0,0,0,0,0,0,0,0,0,0,0,0,0
219,Josh Gordon,TEN,WR,2,1,0,0,0,0,0,0,0,0,0,0,0,0,0,0,0
219,Willie Snead IV,SF,WR,4,0,0,0,0,0,0,0,0,0,0,0,0,0,0,0,0
219,Dan Chisena,MIN,WR,2,0,0,0,0,0,0,0,0,0,0,0,0,0,0,0,0
219,Tanner Gentry,BUF,WR,3,1,0,0,0,0,0,0,0,0,0,0,0,0,0,0,0
219,Dez Fitzpatrick,TEN,WR,1,0,0,0,0,0,0,0,0,0,0,0,0,0,0,0,0
219,Javon Wims,ARI,WR,1,0,0,0,0,0,0,0,0,0,0,0,0,0,0,0,0
219,Brandon Zylstra,DET,WR,2,0,0,0,0,0,0,0,0,0,0,0,0,1,0,0,0
219,Ethan Fernea,IND,WR,1,0,0,0,0,0,0,0,0,0,0,0,0,0,0,0,0
219,Kyric McGowan,WAS,WR,2,0,0,0,0,0,0,0,0,0,0,0,0,0,0,0,0
219,Marcus Kemp,KC,WR,3,0,0,0,0,0,0,0,0,0,0,0,0,0,0,0,0
219,Stanley Berryhill SUS,DET,WR,4,0,0,0,0,0,0,0,0,0,0,0,0,0,0,0,0
219,Tay Martin,SF,WR,2,0,0,0,0,0,0,0,0,0,0,0,0,0,0,0,0
219,Lynn Bowden Jr.,NE,WR,1,0,0,0,0,0,0,0,0,0,0,0,0,0,0,0,0
219,Binjimen Victor,BAL,WR,2,0,0,0,0,0,0,0,0,0,0,0,0,0,0,0,0
219,Trinity Benson,DET,WR,1,0,0,0,0,0,0,0,0,0,0,0,0,0,0,0,0
219,Cornell Powell,KC,WR,3,0,0,0,0,0,0,0,0,0,0,0,0,0,0,0,0
219,Alex Erickson,WAS,WR,2,0,0,0,0,0,0,0,0,0,0,0,0,0,0,0,0
219,Kwamie Lassiter II,CIN,WR,1,0,0,0,0,0,0,0,0,0,0,0,0,0,0,0,0
219,Kirk Merritt,NO,WR,4,0,0,0,0,0,0,0,0,0,0,0,0,0,0,0,0
219,James Washington,DAL,WR,2,1,0,0,0,0,0,0,0,0,0,0,0,0,0,0,0
219,Josh Ali,ATL,WR,1,1,0,0,0,0,0,0,0,0,0,0,0,0,0,0,0
219,Preston Williams,CAR,WR,1,0,0,0,0,0,0,0,0,0,0,0,0,0,0,0,0
219,Johnny Johnson III,HOU,WR,1,0,0,0,0,0,0,0,0,0,0,0,0,0,0,0,0
253,KaVontae Turpin,DAL,WR,17,2,1,50,9,0,9,4.5,9,3,17,5.7,0,3,2,0,-0.4
254,Chester Rogers,CLE,WR,3,0,0,0,0,0,0,0,0,0,0,0,0,1,1,-0.7,-2